,Punjab,Haryana,Rajasthan,Delhi,UP,Uttarakhand,HP,J&K,Chandigarh,Chhattisgarh,Gujarat,MP,Maharashtra,Goa,DNH,Andhra Pradesh,Telangana,Karnataka,Kerala,Tamil Nadu,Pondy,Bihar,Jharkhand,Odisha,West Bengal,Sikkim,Arunachal Pradesh,Assam,Manipur,Meghalaya,Mizoram,Nagaland,Tripura
02/01/2019 00:00:00,119.9,130.3,234.1,85.8,313.9,40.7,30,52.5,5,78.7,319.5,253,428.6,12.8,18.6,164.6,204.2,206.3,72.7,268.3,6.3,82.3,24.8,70.2,108.2,2,2.1,21.7,2.7,6.1,1.9,2.2,3.4
03/01/2019 00:00:00,121.9,133.5,240.2,85.5,311.8,39.3,30.1,54.1,4.9,78.8,316.7,253.6,419.6,13.7,18.2,170.1,204.5,212.2,73.6,285.2,6.5,82,25.6,67.9,110.2,1.9,2.2,23.4,2.4,6.5,1.8,2.2,3.6
04/01/2019 00:00:00,118.8,128.2,239.8,83.5,320.7,38.1,30.1,53.2,4.8,74.8,301.9,239.3,395.8,12.6,16.7,165.2,201.2,205.3,73.4,270.3,6.4,82.9,26.3,66.3,106.8,1.7,2.2,21.7,2.4,6.3,1.7,2.2,3.5
05/01/2019 00:00:00,121,127.5,239.1,79.2,299,39.2,30.2,51.5,4.3,69,313.2,228.2,411.1,13,17.6,167.4,201.7,212.4,75.4,286.8,6.6,77,23,65.8,107,2,2.2,22.5,2.7,5.7,1.8,2.3,3.5
06/01/2019 00:00:00,121.4,132.6,240.4,76.6,286.8,39.2,31,53.2,4.3,68.1,320.7,227.4,408.6,12.9,18.6,171.2,194.9,217.5,75.4,298.3,7.2,76.4,22.6,62.9,106.4,2,2.2,21.7,2.7,6.2,1.9,2.3,3.3
07/01/2019 00:00:00,118,132.1,241.9,71.1,294.2,40.1,30.1,53.3,4,73.1,319.4,230.3,408.1,12.7,18.3,166.4,191.9,217.4,74.9,294.2,7,75.3,23.9,64,109.3,1.5,2.2,21.4,2.5,6.1,1.8,2.3,3.3
08/01/2019 00:00:00,107.5,121.4,237.2,69,289.4,37,29.2,51.2,3.8,74.2,307.9,228.8,398.2,10.9,18.1,160.8,190.8,201,68.2,279.2,6.5,76.2,23.3,63.6,102.9,1.6,2.3,20.7,2.6,6.2,1.8,2.1,3.3
09/01/2019 00:00:00,132.5,148.2,197,89.2,258.6,35.9,25.3,37.9,3.9,77.2,260,162.5,400.9,12.1,18,163,167.5,173.6,67.9,280.4,7.6,56.4,19.2,86.6,131.7,1.1,2.1,25.8,2.3,6,1.7,2.4,4.2
10/01/2019 00:00:00,131.5,157,199.9,92.8,284.2,35.3,26.5,31.7,3.9,79,268.3,159.6,409.7,12.1,17.8,168.8,173.4,176,68.9,290.8,7.9,69.9,21.8,78.8,140.1,1.1,2.1,25.8,2.4,6.2,1.7,2.1,4.3
11/01/2019 00:00:00,130.3,145.3,187.7,79.5,281.4,30.1,23.9,37.3,3.4,80.7,275,154.3,405.2,12.1,16.9,167.7,166.7,157,67.4,270.5,7.1,76.2,23.3,78.4,149.8,0.8,2.1,27.9,2.4,6.2,1.8,2.1,4.3
12/01/2019 00:00:00,137.9,151.9,189.9,92.6,298.6,34.7,26.4,34.6,4,85.2,294.1,161.1,421.8,12.2,17.6,168.1,173.2,163.5,69.9,298.4,8,82.3,24.3,82.4,154.7,1,2.1,30.1,2.5,6,1.8,2,4.6
13/01/2019 00:00:00,135.8,141.4,186.9,89.4,310,36.7,26.4,32.7,3.8,87.6,301.2,168.6,408.3,12.4,17.6,164.9,176.9,162.4,72.4,314.1,8.4,87.7,24.8,84.3,155.3,1,2.1,30.1,2.5,5.9,1.8,2.2,4.8
14/01/2019 00:00:00,139.3,143.8,195.2,82.2,319.5,35.5,26.9,37.6,3.5,89.6,305.6,170.7,406.3,12.4,18.5,163.3,177,156.7,69.6,305.9,8.3,88.2,24.8,85.7,143.9,0.9,2.1,31.7,2.5,5.4,1.8,2.1,5
15/01/2019 00:00:00,141.1,142.9,185.4,77.8,326.7,34.3,25.6,39.5,3.2,88,290.5,170.2,392.1,12.4,17.3,160.7,174.3,138.7,64.2,288.7,7.4,93.7,24.8,82.1,143.4,0.7,2.2,29.2,2.5,5.2,1.7,2.2,4.8
16/01/2019 00:00:00,231.9,180.5,175.3,111.8,399,41,29.4,41.8,6,89.2,299.5,185.1,377.1,11.3,18.9,155.2,161.3,175.2,68.5,301.4,7.6,93.5,22.1,82.6,152.9,0.7,2.2,31.3,2.3,5.6,1.8,2.2,5.8
17/01/2019 00:00:00,253.8,196.4,197.2,115.6,412.5,41.7,29.8,42.3,5.6,83.5,282,183.7,368.4,11.3,18.4,161.8,156.5,167.1,70.3,313.9,7.7,98.9,22.3,85.9,167.7,0.8,2.2,33.1,2.5,5.5,1.8,2.2,4.2
18/01/2019 00:00:00,236.4,193.9,209.8,117.9,426,40.3,27.9,36.7,5,82.2,269.1,183.4,360.8,11.3,18.3,169.9,169.4,182.5,71.6,321.5,8.2,106.1,24.1,89.1,175.9,0.8,2.5,32.5,2.5,5.8,1.6,2.3,4.3
19/01/2019 00:00:00,229.8,201.8,197.6,121.9,437.9,42.4,28.7,38.5,5.3,86.8,260.2,183.7,371.2,11.8,18.1,166,171.8,185,72.6,325.8,8.3,105.5,23.8,98.1,180.6,0.9,2.4,31.4,2.6,5.6,1.6,2.2,4.8
20/01/2019 00:00:00,195,192.3,197.6,121.7,428.3,42.4,28.1,40.4,5.1,90,273.8,189.3,362.4,11.8,17.7,153.9,152,184.7,72.4,325.4,8.3,106.7,25,96.5,178.9,0.9,2.1,33,2.6,5.6,1.7,2.2,5.5
21/01/2019 00:00:00,207.1,182.9,189.7,112.2,407.9,39.8,28.8,41.7,5.2,87.5,276.7,187.9,356.6,11.8,17.9,153.3,144.5,179.9,72.1,311.5,8,109.1,24.8,97.6,178.9,0.8,2.2,34.3,2.7,5.7,1.8,2.3,5.4
22/01/2019 00:00:00,218.9,178.2,191.9,108,417.1,38.8,26.5,42.5,5.1,90.2,263.5,188.2,330.8,8.2,16.3,152.6,150.3,157.5,65.5,295.3,7.6,111,23.8,97.2,173,0.6,2.3,33.3,2.5,5.7,1.8,2.4,4.9
23/01/2019 00:00:00,136,150.5,227.2,109.3,395.8,41.5,27.3,44.3,4.8,105.7,391.4,219.7,499.4,13.5,18.9,194.9,175,230.1,82.3,340.6,8.9,101.7,27.5,97.1,183.4,1.1,2.2,22.5,1.8,5.6,1.8,2.2,5.5
24/01/2019 00:00:00,132.5,154.7,231.6,111.9,410.9,41.8,27.6,43.9,5,105.9,385.3,219.7,508.9,13.5,18.8,193.7,177.3,214.8,79.5,332.7,9.1,105,25.9,98,175.5,1.2,2.3,21.3,2.5,5.6,1.6,2.2,4.5
25/01/2019 00:00:00,134.3,155.2,232.4,114.2,408.7,40.2,25.7,43.7,5.1,103.7,380.2,218.4,456,13.5,17.4,176.4,160.9,180.6,74.8,298.4,6.6,102.1,23.2,97.1,161.2,0.9,2.2,18.7,2.4,4.9,1.7,2.1,4.9
26/01/2019 00:00:00,135.9,143.2,229.6,112.7,373.4,35.5,26.2,43.1,4.7,105.8,380.6,219.8,485.9,13.5,18.1,172.4,165.2,209.6,80.7,330,7.4,100.1,25,87.7,169.5,1.2,2.2,22.3,2.4,5.6,1.6,2.2,5.4
27/01/2019 00:00:00,141.2,138.9,226.9,105,341.6,37.9,27,45.3,4.7,98.3,379.4,212.8,485.2,13.5,18.2,181,168.4,223.4,81.9,347.2,8.6,82.8,21.4,51.1,135.6,1.3,2.2,23.6,2.4,5.6,1.8,2.3,4.1
28/01/2019 00:00:00,144.5,148.6,222.4,100.5,393.3,41.8,26.9,46.2,4.4,94.8,377.9,210,485.1,11.6,18.3,189.4,168.8,224.5,80.8,346.6,8.8,80.4,18.7,55.8,103.6,1.1,2,18.7,2.3,4.7,1.5,2,2.4
29/01/2019 00:00:00,139.6,141.8,223.8,96.4,365.3,37.8,24.7,43.9,4.1,94.7,362.8,208.6,475.9,10.7,18.2,189.8,163,215.5,75.3,329.5,8.4,87.9,23.8,62,131.5,1,1.8,18.3,1.9,5,1.5,1.9,3.4
30/01/2019 00:00:00,60,66.5,131.8,41.8,220.4,16.8,12.7,45.3,2.2,71.9,203.5,150.4,348.4,6.9,1.6,160.4,206.5,215.7,67.8,242.7,4,65.3,21.9,80.1,125.7,1.1,1.8,20,2.4,3.4,1.6,1.9,3.4
31/01/2019 00:00:00,62.7,68.1,141.4,43.1,220.8,17.3,12.5,41.9,2.2,67.8,212,155.6,345.2,6.7,1.7,162.7,203.2,218.2,69.3,244.1,4.2,69.4,22.8,76.1,126.1,1.2,2,20.5,2.5,3.4,1.6,2.1,3.9
02/02/2019 00:00:00,63.6,66.7,141.3,42.9,234.8,17.8,13,40.2,2.3,72.6,217.1,158.9,344.3,7.1,1.3,164.2,204.8,221.6,70.2,245.2,4.2,71.2,23.4,77.3,128,1.3,1.5,20.9,2.4,3.4,1.6,2,3.9
03/02/2019 00:00:00,63.5,66.8,145.1,44.9,241.2,18.2,12.6,43.5,2.2,73.4,221.5,162.7,353.3,7.2,1.7,163.7,200.5,220.7,70.3,243.9,4.2,77.4,23,73.2,127.6,1.1,1.5,20.9,2.4,3.4,1.6,2,3.8
04/02/2019 00:00:00,68,71.3,147.7,43.8,246.2,18.3,12.4,43.4,2.2,75.7,224,165.5,369.8,7.2,1.7,165.8,202.4,226.7,71.4,246.5,4.3,78.3,23.3,72.8,131.6,1,1.5,19.7,2.4,3.4,1.5,2,3.6
05/02/2019 00:00:00,72.1,70.3,149,43.5,241.2,18.9,13.3,43.2,2.2,75.4,229.7,165.4,376,7.2,1.8,165.2,194,226.2,71.4,250.2,4.3,76.1,24,70.7,136.8,1.3,1.4,19.5,2.3,3.6,1.5,2.1,2.6
06/02/2019 00:00:00,70.5,71.2,148.9,44.1,241.3,18.5,12.5,41.5,2.2,70.8,232.2,165.8,378,7.2,1.8,163.2,189.8,228.8,71.7,250.6,4.3,75.1,24.1,70.3,138.9,1.2,1.5,19.8,2.3,3.8,1.6,2,3.1
07/02/2019 00:00:00,92,96.2,175.3,60.3,260.1,24.6,17,41.3,2.9,67.4,215.2,154.6,305.6,10.1,11.4,152.8,144.5,128.2,64.6,201.2,5.5,79.7,24.3,76.6,115.4,0.7,2.2,21.5,2.5,5.5,1.7,2.4,4.2
08/02/2019 00:00:00,105.8,105.6,188.1,63.2,262.8,27.7,21.5,42.9,3.3,71.2,229.6,156.5,320.1,10.1,14,156.7,145.3,133.8,64.4,218.6,6.3,80,23.6,77.4,115.1,0.7,2,24.3,2.4,5.7,1.7,2,4.2
09/02/2019 00:00:00,110.1,116.2,201.3,68.4,268.2,30.9,25.2,43.3,3.6,74,234.9,166,350.4,10.1,15.3,149.8,145.8,136.9,63.5,221.8,6,79.4,22.7,80.1,117.4,0.9,2,25.3,2.5,5.8,1.8,2,4
10/02/2019 00:00:00,112.4,119.5,209.7,67.6,273.2,31.9,26.4,42.8,3.6,75.1,261.5,175,360.6,12.3,17,148.7,148.6,146.8,60.6,230.7,6.1,82.6,23.8,78.3,123.7,1.1,1.8,26.5,2.4,6,1.7,2,3.8
11/02/2019 00:00:00,111.3,122.5,210.8,69,276.9,33.3,27.1,44.2,3.6,74.3,282.1,180.7,362.2,12.3,17.2,153.8,150.8,121,62.3,245.8,6.4,82.7,24.4,83.3,124.9,1.2,2.1,25.9,2.4,5.8,1.6,2.3,4.1
12/02/2019 00:00:00,108.5,117.4,205,64.8,281.4,33.2,26.7,43.9,3.5,74.1,278.5,184,360.6,12.3,17.2,155.2,150.5,142.8,65,253.6,6.8,79.5,23.9,84.1,123.3,1.2,2.1,25.2,2.5,5.8,1.9,2.1,4.1
13/02/2019 00:00:00,98.8,104.3,202.4,61.2,268.8,30.3,24.9,42.2,3.1,74.4,261.9,181.7,357.5,12.3,17.2,157.5,147.6,141.7,60.3,243,6.3,77.9,23.6,84,116.8,1.1,1.9,24.5,2.6,5.9,1.7,2.3,4.1
14/02/2019 00:00:00,104.6,118.9,232.8,71.8,261.4,38.5,29.6,48.5,3.8,73.7,317.3,228.3,394.1,9.8,17.9,149.2,141.7,205.3,68.8,295,7.1,72.2,21.6,82.3,124.4,1.3,2.2,23.9,2.8,6.3,1.9,2.1,3.9
15/02/2019 00:00:00,109.7,125.6,236.7,71.7,264.7,38.6,30.2,48.9,3.8,75.1,322.3,233.3,399.5,11.5,18.2,148.1,157,204.5,70.1,297.2,7.3,72.6,23.9,80.3,125.4,1.5,2.1,23.6,2.5,6.3,1.8,2.2,3.6
16/02/2019 00:00:00,112.8,129.1,237,72.7,272.5,40.2,31.5,49.4,4,76.1,321.8,235.5,405.3,11.5,18.1,151.5,162.6,211.1,70.9,304.7,7.2,74.7,24.3,76.4,126.8,1.6,2.2,23.7,2.9,5.9,1.9,2.1,3.7
17/02/2019 00:00:00,110.7,126.4,235.2,71.6,272.5,40.5,30.9,47.3,3.9,78.4,326.9,237,403.4,11.5,18.1,150.5,166.8,213,70.8,301.5,7.2,73.6,25,75.6,128.6,1.5,2.2,23.5,2.9,6.2,1.9,2.2,3.7
18/02/2019 00:00:00,109.5,125.1,236.6,71.3,268,35.7,30.4,42.9,3.9,78.8,322.6,237.1,399.3,11.5,17.6,159.5,167.8,217.6,70.6,302.2,7.1,73.3,24.8,73.5,132.4,1.5,2.2,23.8,2.7,6.3,1.8,2.2,3.8
19/02/2019 00:00:00,106.7,127.3,234.3,69.2,270,39.6,29.8,49.4,3.6,78.1,319.9,238.5,403.5,11.5,17.9,160.8,169.7,212.9,70.2,294.6,6.6,74.1,24.4,74.4,127.1,1.4,2.2,23.9,2.8,6.2,1.9,2.2,4.3
20/02/2019 00:00:00,101.5,118.2,232,67,264.3,36.6,27.4,48.9,3.3,79,312.3,235.3,392.4,11.9,17.8,159.1,172.1,200.4,64.3,282.4,6.5,74,23.4,73.3,119.8,1.2,2.2,22.6,2.9,6.2,2,2.2,3.6
21/02/2019 00:00:00,155.9,165.3,248.1,111.8,428.2,45,28.9,46.7,5.2,94.3,385.7,224,509.5,12.4,14.6,197,176,194.9,85.6,345.5,9.2,105.3,28.2,96.5,185.5,1.3,2.2,25.2,2.5,4.7,1.5,2.2,5
22/02/2019 00:00:00,166.3,173.6,257.9,114.9,435.6,46.5,29.4,47.8,5.4,89,391.1,227.4,516.4,11.8,17.4,201,181.8,214.1,88.1,356.2,9.4,108.7,28.5,89.5,186.1,1.3,2.1,28,2.7,5,1.7,2,5
23/02/2019 00:00:00,175.9,179.3,256.2,121.6,444.4,46.3,29.2,47.2,5.6,85,389.9,226.3,515.8,12.3,16.7,197.1,186.6,206.3,79.6,345.2,8.9,107.7,28.2,86.6,198.1,1.1,2.2,28.6,2.8,5.3,1.8,2.1,5.6
24/02/2019 00:00:00,183.6,185.9,250,128.1,469,46.7,30.3,47,6,88.6,394.1,226.4,509.6,12.3,17.8,183.2,177.5,213.1,85.1,349.5,9.3,92.4,26.3,91.6,189,1,2.1,27,2.5,4.9,1.7,2.2,5.3
25/02/2019 00:00:00,188.8,189.1,255.7,131.6,445.2,47.8,30.5,47.4,6.2,86.2,392.8,226.6,505.9,12.3,16.5,196.3,181.2,212.7,84.1,343,9.2,80.5,24.8,96.6,175.9,1.2,2.1,26.7,2.4,4.9,1.7,2.1,4.8
26/02/2019 00:00:00,186.4,188.4,261.6,132.2,438.9,47.7,28.8,42.3,6.4,37.2,393,223.9,500.6,12.3,17.2,197.3,170.9,198.9,81.7,336.8,8.6,99.7,25.3,96.8,176,1.2,2.2,28.8,2.2,5.5,1.8,2.2,3.3
27/02/2019 00:00:00,186.9,182,260.2,132.7,439,43,27,46.8,6,88.5,376.2,215.2,489.6,12.3,16.3,194.2,167,184.8,77.6,313.7,8.2,88.8,25.1,85.8,153.4,0.9,2,29.8,2.3,5.9,1.7,2.5,4.4
28/02/2019 00:00:00,107.5,123.5,238.4,69,281.2,38.9,28.4,51.2,4.6,82.3,332.4,255.7,454.7,9.8,17.2,182.9,215,228.3,72.1,296.7,7,79.9,26.3,70.1,113.9,2.1,2.2,22.7,2.9,6.7,1.5,2.3,3.4
02/03/2019 00:00:00,102.9,116.3,240.6,72.1,270.4,38.7,28.6,52.2,4.4,80.8,338,258.5,467,10.2,18.9,187.8,218.5,233.3,74.2,307,7.4,80.6,26.3,71,119.5,2.2,2.2,23.4,2.9,6.6,1.7,2.4,3.6
03/03/2019 00:00:00,104.2,123.1,240.9,71.8,271.8,38.5,29.2,48.4,4.3,80.8,330.5,259.6,461.9,10.2,18.8,191,219.7,235.8,75,302.4,7.9,76.8,24.2,71.5,114.1,2.2,2.1,23.2,2.6,6.6,1.7,2.2,4.2
04/03/2019 00:00:00,106.9,124,240.9,71.1,271.2,39.3,30.8,49.9,4.1,83.2,327.8,258,454.7,10,18.7,191.8,219.4,239.4,74.1,308,7.4,80.6,26.1,71.2,120.5,2,2.1,24.1,2.6,6.5,1.6,2.1,3.9
05/03/2019 00:00:00,111.2,125.6,243.6,73,282.1,39.6,31.8,51.3,4.4,81.9,330.4,262.8,448.3,9.2,18.4,190,224.4,240.7,75,314.3,7.4,78.9,25.6,70.1,118.9,2,2.5,22,2.6,6.4,1.8,2.1,3.9
06/03/2019 00:00:00,111.6,124.7,243.7,68,276.9,39.2,30.8,51.1,4,80.8,324,264.8,443.4,10.6,17.8,188.6,210.8,233.8,73.7,306.3,7.6,76.8,24.1,70.1,119.8,2.1,2.2,23,2.6,6.6,1.7,2.1,4
07/03/2019 00:00:00,106.1,116.3,242.5,67.3,276.8,36.3,27.7,49.5,3.7,81.6,316.4,265.1,435.6,9.1,17.8,182.7,204.6,217.7,67,282.7,6.7,78,24.7,75.1,111.4,1.9,2.2,21.6,2.6,6.7,1.7,2.2,3.6
08/03/2019 00:00:00,245.8,186,229.7,111.7,362.8,39.8,28.7,35.2,5.4,88.7,319.9,166.9,423.5,10.2,18.8,175.5,218.1,172.7,62.9,284.8,7.7,109.4,23.9,87.6,163.7,0.8,2.3,36.8,2.6,5.5,1.7,2.3,5.1
09/03/2019 00:00:00,256.7,204.4,232.4,121.6,405.5,43.6,29.4,40.8,6.1,87.7,313,169.2,429,10.2,18.8,184.6,225.4,182.3,63.4,302.4,8.2,111.8,24.8,88.5,167.1,0.9,2.3,37,2.6,5.2,1.7,2.3,5.6
10/03/2019 00:00:00,265.3,217,221,128,429.1,45.7,30,41.6,6.5,93.2,302.4,175.4,439.3,11.1,18.8,187.2,235.2,186.2,61.7,312,8.4,115.4,25.3,84.8,170.3,0.9,2.2,33.8,2.4,5.7,1.6,2.4,5.3
11/03/2019 00:00:00,266.5,214.8,217.3,132.7,430.6,44.2,30.7,42.1,6,96.3,305.7,182.6,449.4,11.3,19.1,194.8,241.7,191.8,65.6,310.8,8.6,117.8,24.9,89.2,173.5,1,2.2,37.2,2.5,5.6,1.8,2.4,5.4
12/03/2019 00:00:00,257.9,214,212.7,132.6,431.3,44.3,29.8,39.7,6.1,96.4,316.9,185.6,431.4,11.4,19,190.4,239.4,192.7,65.6,307,8.5,117.6,27.8,94.8,178.5,1,2.3,36.4,2.7,5.3,1.8,2.2,6
13/03/2019 00:00:00,260.3,218.3,214.6,129.7,439.7,43.4,31.5,41.7,6.2,97,323.9,186.8,402.8,11.4,18.4,182.7,205.2,184.8,66.1,303.6,8.4,117.6,27,95.7,177.2,0.9,2.4,34.9,2.5,5.4,1.8,2.1,4.7
14/03/2019 00:00:00,233.4,194.6,203.9,113.9,409.2,34.9,27.7,37.9,5.3,95.7,300.1,184,374.7,9.7,17.9,167.9,170.6,172.1,60.2,278.7,7.4,117.9,25.9,96.9,165.2,0.6,2.1,35.2,2.4,5.2,1.7,2.1,4.7
15/03/2019 00:00:00,87.5,87.9,164,57.8,235.1,19.2,13.6,41.8,2.7,67.7,277.2,175.7,404.6,8.7,4,148.6,140,196.3,63.9,228.7,4.5,67.3,20.4,59.5,98.4,1.1,1.4,19.1,1.9,4.3,1.5,2,2.8
16/03/2019 00:00:00,81.5,86.6,165.4,51.2,222.1,20.1,14,40.8,2.6,64.1,286.2,168.3,405.7,9.7,4.7,150.9,137,201.7,66.2,230.9,5.2,71.9,20.4,63,97.7,1.4,2,19.6,2.3,4.1,1.6,2,3.4
17/03/2019 00:00:00,89.6,93.4,180.1,58.4,249,21.6,14.7,41.5,2.6,67.5,291,182.2,408.1,9.3,5.1,155.8,131.8,206.8,68.5,236.3,5.4,67.1,20.3,66.1,91.6,1.3,1.5,19.9,2.1,4.2,1.4,2.1,3.4
18/03/2019 00:00:00,96.5,102.4,188.8,63,276.4,22.6,15.6,41.8,2.8,68.2,294.3,186.1,408.8,10,5.4,142.2,130.5,184,65.4,221.8,5.4,74.1,21.4,65.5,97.1,1.3,1.5,19.8,2.1,4.1,1.4,2,3.4
19/03/2019 00:00:00,103.4,108.4,190.9,66.1,287.7,22.4,16.1,41.2,3,70.9,296.2,189.2,405.1,10.1,5.7,151.3,140.2,189.7,67.7,228.8,5.7,83.8,22.5,67.5,106.8,1.3,1.4,21.5,2.2,4.4,1.4,1.8,3.1
20/03/2019 00:00:00,109,114.4,198.4,69.6,268.6,21.7,15.9,41.4,3.1,73,292.6,186.9,400.2,9.1,5.3,151.8,133.8,189.7,67.5,234.4,5.4,70.2,21.8,67.4,101.9,1,1.5,21.8,2.2,4.2,1.4,1.9,3.7
21/03/2019 00:00:00,109,112.5,206.6,68.3,287.1,23.3,16.7,38.3,3.2,74.7,295.5,193.3,409.9,9.7,5.8,157.9,137,187.9,70.5,245.3,6.2,71.3,22,70.2,95.6,1.3,1.7,21.7,2,4,1.4,1.8,4.5
22/03/2019 00:00:00,101.7,114.5,216.7,62.5,260.8,33.1,27.9,44.5,3.2,71.6,334.9,248.2,438,12.3,18.3,169.5,178.7,196.3,72,269.1,6.8,66.6,24.4,72.1,107.5,1.5,2.2,22.6,2.5,5.9,1.7,2.1,3.5
23/03/2019 00:00:00,100.3,114.2,214.5,63.5,258.2,34.1,28.4,44.2,3.4,72.8,339.2,250.9,442.3,12.3,18.5,169.5,180.8,182.1,73,280.8,7,68.3,24.7,74.4,110.8,1.6,2.1,22.7,2.4,5.7,1.7,2.1,3.4
24/03/2019 00:00:00,98,108.2,218.6,62.6,258.4,34.6,28.6,40.1,3.5,71.5,336.5,253.4,441,12.3,18.6,169.9,170.8,185.8,73.5,280.3,7.2,68.7,24.2,73.8,113.4,1.6,2,23.3,2.6,5.8,1.8,2.2,3.6
25/03/2019 00:00:00,99.4,100.3,213,62.4,238.2,30.2,28.2,37.9,3.5,71.4,334.7,252.8,443.7,12.5,17.7,168.6,169,190.8,73.8,265.8,7.1,69.3,24.1,74.5,113,1.6,2.1,23.1,2.6,5.5,1.8,2.2,3.6
26/03/2019 00:00:00,102.8,109.9,212.3,63.5,236.2,34.2,29.2,44.3,3.5,71.9,336.7,250.3,443.7,12.9,18.4,167.7,168.6,195.3,74.2,264.7,7.3,69,24.3,74.9,114.1,1.5,2.1,22.9,2.4,5.5,1.8,2.2,3.9
27/03/2019 00:00:00,101.4,108.5,213.3,60.4,240.5,34.2,29.1,44.1,3.3,71.7,333.5,250.7,445,12.9,18.3,170,167.3,190.9,72,250,6.9,69,24.5,77.5,115.6,1.4,2.2,23,2.5,6,1.8,2.2,3.4
28/03/2019 00:00:00,92.9,97.7,210.3,57.2,232.6,30.9,25.8,43.8,3.1,70.5,318.3,246,424.4,12.9,17.7,151.7,159.2,162.3,64.2,211.8,5.8,66.8,23.6,83.8,102.1,1.2,2.1,20.4,2.6,5.9,1.8,2.1,3.4
29/03/2019 00:00:00,118.3,117.7,209.5,61.7,291.7,35.2,26.9,45.8,3.1,94.2,351.5,199.3,471.3,12.4,18.3,197.7,223.9,252.5,84.7,345.9,8.5,79.5,24.7,87.1,152.1,1.3,2,24.8,2.1,5.7,1.7,2.7,3.9
30/03/2019 00:00:00,123.5,123.4,216.3,64.3,279.4,35.2,26.2,45.1,3.1,96,355.6,200.8,484,12.4,18.2,197.6,229.2,273.3,86.3,341.9,8.4,62.1,23.1,98.4,145.2,1.5,2.2,23.2,2.3,5.5,1.9,2.7,3.8
31/03/2019 00:00:00,126.9,124.6,215.4,65.9,297.6,35.8,26.7,46.1,3.2,98.1,357.6,203.1,489.6,12.4,18.4,198.1,226.8,256.3,86.4,350.1,8.4,72.8,23.9,98.7,145.8,1.5,2,22.7,2.4,5.6,1.9,2.1,3.8
02/04/2019 00:00:00,129.8,126.3,214.8,67.4,308.6,24,25.5,44.4,3.2,97.2,364.6,204.8,487.7,12.4,18.5,198.8,225.6,254.3,86.7,346,8.5,78.7,23.8,90.5,160.1,1.4,2.1,24.6,2.5,5.7,1.9,2.2,3.9
03/04/2019 00:00:00,131.5,129.4,222.9,71.8,317.9,36.9,25.6,36,3.4,97.6,366.5,205.8,483.3,12.4,18.3,199.6,227.8,255.8,86.5,351.1,8.4,81.5,23.8,90.8,172.7,1.3,2.3,25.8,2.4,6,1.6,2.1,4.1
04/04/2019 00:00:00,130.8,127.6,220.4,73.9,320,36.8,25.1,41.9,3.4,102.9,366.4,208.4,484,12.4,18.3,200.4,229.1,253.5,85.9,349.3,8.4,84.1,23.8,91.3,164.2,1.3,2.3,25.6,2.5,5.6,1.6,2.3,4.2
05/04/2019 00:00:00,121.4,113.9,217.5,69.1,292.2,34.1,23.1,41.6,3,97.8,350.5,202.5,462,12.4,17.7,196.7,219.1,232.7,79.3,327,7.8,85.1,24,83.1,158.4,0.8,1.8,15.2,2,5.4,1.4,1.8,3.8
06/04/2019 00:00:00,101.8,117.4,232.4,61.4,261.4,35.9,28.6,46.7,3.3,82.4,326.2,226.5,439.4,10.9,18.2,190.1,217.3,235.1,75.2,318.5,7.6,72.5,17.4,76.4,111.8,1.2,1.9,23.7,2.7,6.5,1.9,2.1,3.7
07/04/2019 00:00:00,100.3,117.4,228.8,64.1,259.6,36.2,29.8,47.3,3.3,89.8,319.2,223.9,433.9,10.9,18.4,194.2,218.5,234.5,77.1,327.6,7.7,73,21.1,75,112.5,1.3,2.2,22.8,2.1,6.6,1.7,2.1,2.9
08/04/2019 00:00:00,101.6,117.2,222.5,66.1,241.9,37,30.8,48.2,3.5,92.1,314.6,212,432.9,10.9,18.5,199.6,219.5,237.7,78.2,332.8,7.9,62.3,21.1,77.4,109.7,1.6,2.2,22.4,2.7,6.4,1.7,2.1,3.5
09/04/2019 00:00:00,101.6,117.2,222.5,66.1,241.9,37,30.8,48.2,3.5,92.1,314.6,212,432.9,10.9,18.5,196.8,215.5,246.3,77.8,335.5,8.1,63.8,20.7,75.9,109.3,1.2,2.3,19.8,2.7,6.6,1.8,2,2.8
10/04/2019 00:00:00,106.8,123.7,231.3,65.4,268,37,29.5,50.5,3.4,92.3,322.6,222.6,420.9,9.7,17.7,192.9,218.9,251.6,77,340.9,8.1,69.1,21,75.3,115.4,1.4,2.1,22.9,2.5,6.7,1.8,2.1,3.4
11/04/2019 00:00:00,105.9,111.9,223.6,63,258,36.8,30.4,48.8,3.4,92.3,322.6,223.5,431.1,10,17.3,190.8,214.6,247.3,77.6,334.6,7.8,70.7,23.3,86.2,113,1.5,2.1,23.6,2.7,6.8,1.8,2.2,3.7
12/04/2019 00:00:00,93.1,95,212,60.2,230,31.7,26.9,46,2.9,90,319.7,203.8,419.7,10,18,189.7,218.4,222.6,71.5,312.9,7.4,71.3,22.9,86.8,109.4,1.3,2.1,22.3,2.4,6.4,1.5,2.1,3.1
13/04/2019 00:00:00,249.8,197.7,240.6,123.2,383,40.1,28.7,48.5,6.2,85.2,340.6,190.4,436.2,12.4,18.6,176.2,151.8,191.5,71.4,329.9,8.4,109.3,25.3,91.1,183.4,1.2,2.4,33.2,2.6,5.6,1.9,2.4,5.7
14/04/2019 00:00:00,250.6,209.8,242.9,126.1,407.9,44.4,29.1,44.8,6.2,91.1,334.7,195.1,451,12.4,18.7,178.1,156.6,199.2,73.2,347.7,8.8,113.8,25.6,92.9,195.2,1.1,2.3,32.7,2.5,5.7,1.5,2.5,5.4
15/04/2019 00:00:00,274.1,219.4,248.5,135.1,416.9,46.5,30.8,45.8,6.5,90.5,330.8,192.8,458.8,12.4,18.9,179,162.2,198.1,74.2,330.3,8.6,99.1,24.3,97.7,181.6,1.2,2.3,27.7,2.4,5.3,1.8,2.5,5.1
16/04/2019 00:00:00,269.4,219.1,249.5,135.2,435.1,46.7,31.3,46,6.4,89.6,340.2,191.7,448.7,12.4,19.1,178.2,165.6,198.2,75.9,334,8.5,95.6,21.6,96.4,182.4,1.3,2.2,28.4,2.6,5.8,2,2.3,6.6
17/04/2019 00:00:00,282.7,219.7,254.7,133.5,446.8,47.2,31.7,48.8,6.7,87.3,331.8,188.4,407.6,12.4,18.5,185,163.5,195.2,76.1,337.3,8.6,103.1,25.2,88.4,175.9,1.3,2.2,29.6,2.6,5.4,1.7,2.2,5.5
18/04/2019 00:00:00,281.5,224.5,255.7,136.7,452.6,48.6,31.5,44.6,6.8,89.7,328.2,187.4,388.5,10.9,17.1,184.6,147,191.8,77.2,339.7,8.6,101.1,25.3,90.4,176.3,1.2,2.3,31.1,2.8,5.8,1.7,2.2,5.4
19/04/2019 00:00:00,286,211.8,246.4,136,445.1,44.9,28.5,42.3,6.1,86.3,319.5,171.4,371.1,10,17.4,174.3,136.3,170.3,70.3,319.5,8.1,100.3,25.7,88.4,162.5,1,2.2,32.7,2.7,6,1.7,2.2,5.5
20/04/2019 00:00:00,121.8,120.5,242.6,63.9,259.9,34.9,27.5,48.4,3.4,75.8,356.3,252.2,495.9,10.5,18.7,195,255.1,242.7,77.6,311.6,7.5,64.5,22.2,70.3,116.3,1.4,2.3,20.7,2.6,5.5,1.9,2.1,3.6
21/04/2019 00:00:00,124.8,124.7,244.8,63.6,250,35.3,28.9,46.6,3.4,72.2,354.7,249.8,494.2,10.9,18.7,197.6,255.2,250.1,79.3,323.8,7.9,61.2,21,71.7,113.5,1.6,2,22.7,2.5,6,1.9,2.2,3.5
22/04/2019 00:00:00,124.9,124.8,245.1,63.8,257.7,35.6,29.2,48.3,3.5,77.2,347.2,250.4,491.4,10.8,18.9,201.2,253.3,249.6,79.7,325.6,8,63.8,22.1,70,115.4,1.7,2.2,19.2,2.5,5.9,1.7,2.3,3.3
23/04/2019 00:00:00,121.8,123,245.7,62.5,250.6,36,29.1,48.8,3.5,79.2,344.5,250.6,493.4,10.9,19.1,199,249.7,252,80.6,328.3,7.9,69,22.3,67.5,119.7,1.5,2.1,21,2.6,5.7,1.6,2.2,3.4
24/04/2019 00:00:00,113,123,246.2,63.8,274.9,36,28.8,49,3.5,81.9,362,252.9,492.9,11.1,18.5,200.7,254,253.3,80.5,329.1,7.8,69.8,23.8,69.5,119.9,1.6,2.1,22.7,2.6,5.8,1.7,2.2,3.5
25/04/2019 00:00:00,96.9,108,236,60.3,247.3,34.9,27.9,42.7,3.5,83.7,361.6,248.3,484.8,11.6,19.4,200.8,255.9,248,79.2,326.4,7.8,68.2,24.1,69.2,120.5,1.6,2.1,23.1,2.7,5.9,1.6,2.2,3.4
26/04/2019 00:00:00,97.8,94.5,230.1,57.9,215.8,31.3,25,46.3,3.4,85.1,346.4,222.4,456.8,11.6,17,194,247.7,224.3,71.9,302.8,7.1,70.8,23.9,67.4,111.1,1.3,2.1,21.1,2.6,5.5,1.7,2.1,3.4
27/04/2019 00:00:00,112.8,125.5,232.5,74.2,280.7,38.8,30,50.8,4.4,78,326.4,246.6,447.6,12.9,18.9,166.1,218.6,203.7,71.9,277.7,6.8,72.2,25.9,65.7,106.8,1.9,2.4,22.8,2.5,6,1.9,2.1,3.3
28/04/2019 00:00:00,118.6,131.1,232.8,76.9,276.6,39.1,30.4,51.4,4.5,78.2,329.8,239.7,456.7,13.1,19,167.7,223.4,209,72.5,285.9,6.7,71.6,24.1,66.9,111.8,2,2.2,21.7,2.7,6,1.8,2.2,3.5
29/04/2019 00:00:00,121.2,132.1,235.6,76.9,277.3,40,30,52.5,4.5,78.6,325.4,237.4,447.8,10.9,19,164.5,225.7,204.1,66.9,261.1,6.4,75.4,25.1,65.6,110.3,2,2.2,22.5,2.7,6.4,1.8,2.2,3.7
30/04/2019 00:00:00,123.3,134.5,232.7,79.2,293.2,42.2,30.6,52.4,4.9,74.5,324.4,242.8,427.8,13.1,18.9,168.2,222.7,207.2,72.7,272.4,6.8,75.2,24,65.3,109.6,2.2,2.2,22.4,2.6,6.3,1.9,2.3,3.8
02/05/2019 00:00:00,120.9,133.6,235,82,304.8,41.4,30.4,52.5,4.9,75.3,320.9,245.1,428.5,13.5,18.7,172.6,225.7,211.6,74.4,271.4,6.8,77.7,25.1,66.2,107,2.1,2.3,22.8,2.7,6.2,1.7,2.3,3.3
03/05/2019 00:00:00,122.1,133,234.6,80.4,297,41.5,30,53.4,4.7,75.8,317.6,246.2,425.5,13.4,18.7,170.1,208.3,208.1,73.6,276.3,6.7,76.1,24.5,70.3,111.1,2.1,2.2,22.4,2.6,6.4,1.7,2.3,3.5
04/05/2019 00:00:00,113.8,124.6,231,78,308,39.1,27.5,52.7,4.4,77.2,306.7,246.9,415.3,13.3,18.4,163,204.8,193.3,66.5,259.2,6.2,80.2,25.2,71.6,100.7,1.9,2.1,21.4,2.4,6.2,1.7,2.1,3.4
05/05/2019 00:00:00,213.9,179.6,225.8,98.5,326.9,38.3,29.2,41,5,103.5,317.2,164,409.6,11,18.4,158.1,179.5,177.3,71.4,280.4,7.6,98.1,26.6,89.7,166.7,1,2,27.2,2.5,5.8,1.6,2,4.7
06/05/2019 00:00:00,220.3,186.1,228.5,99.3,328.4,39.7,29.8,39.8,5.3,98.6,320.5,163.5,403,11,18.6,153.1,169.4,158.3,70.2,282.4,7.5,98.1,24.1,95,153.1,0.9,2,24.7,2.3,5.7,1.6,2,4.2
07/05/2019 00:00:00,222.9,185.6,225,102.4,335.1,40.4,30.7,39.8,5.3,86.6,312.7,166.5,391.5,12.2,18.5,153.9,153.7,159.2,68.8,282.3,7.3,89,22.4,89.4,139.1,1,2.1,25.7,2.3,6.1,1.6,2,4.3
08/05/2019 00:00:00,219.3,184.2,226.6,102.6,301.8,39.9,29.4,41.3,5.2,84.2,306.6,162.9,385.4,11.9,18.5,147.7,154.1,154.8,68.1,280.9,7.4,69.5,21.8,87.6,142.8,1,1.4,28.8,2.4,6.4,1.6,2.1,4.5
09/05/2019 00:00:00,197.7,179.5,222,100.9,276.3,38.8,28.7,39.5,4.7,81.3,289.4,162.4,379.7,11.9,18.4,149.7,148.7,164.7,70.2,293.5,7.7,70.4,22.1,84.1,140.9,1,1.9,29.6,2.3,6.1,1.7,2.1,4.4
10/05/2019 00:00:00,165.1,169.3,210.8,94.6,261.3,36.5,27.3,30.1,4.3,80.8,279.2,152.4,385.6,11.9,18.4,154.2,160.2,163,71.3,291.6,7.8,53,20.1,83.2,133.4,1.2,2.3,29.4,2.4,6.1,1.4,2.2,4.7
11/05/2019 00:00:00,122.6,143,197.9,84.7,244.4,33,24.5,34.5,3.4,76.2,257.9,154.1,380.7,11.3,18.1,160,166.3,156,65.1,274.7,7.3,43.5,19,78.9,122.6,1.2,2.2,26.5,2.2,6.1,1.6,2.4,4.1
12/05/2019 00:00:00,245.9,194.3,242.2,116.6,422.1,42.9,30.7,42.4,6.3,110.2,342.2,219,441.2,11.4,18.9,165.3,184.1,171.9,60,297.9,7.7,104.2,27.1,98.7,194.3,1.3,2.2,29.5,2.6,5.8,1.9,2.2,5.6
13/05/2019 00:00:00,253.7,211.3,251.4,129,428.8,43.3,30.4,42.8,6.8,111.6,355.4,229.2,451.4,11,19.2,168.2,191.1,164.5,60.7,299,7.8,97.4,24.8,102.5,192.2,1.2,2.3,27.8,2.5,5.4,1.9,2,4.8
14/05/2019 00:00:00,264.8,208.1,256.8,130.4,406.8,45.4,32,42.9,6.4,106.5,354.3,220.4,446,11.3,19.1,175.2,198.7,172.9,62.7,312.3,8.5,88.2,22.5,97.4,180.5,1.2,2.4,29.2,2.5,5.4,2.1,2.2,4.9
15/05/2019 00:00:00,229.6,183.2,219.3,115.2,372.2,40.7,29.5,37,6,100.1,346.8,197.9,423.8,11.3,19,174.1,199,163.7,65.7,312.5,8.5,90.6,22.7,86.9,174.5,0.9,2.3,31.7,2.6,5.6,1.9,2.3,4.7
16/05/2019 00:00:00,220.4,177.2,218.3,109.3,357.5,39.5,29.5,42.5,5.5,96.7,338.8,185.2,400.5,11.3,19,158.7,174.1,174.8,65.6,300.7,8.4,97.1,23.2,86.2,172.5,0.9,2.3,31.4,2.6,5.6,1.7,2.2,5
17/05/2019 00:00:00,206.3,157.8,198.7,100.7,359.1,38.3,28.9,40.5,4.9,91.7,334.6,183.2,374,11.3,18.7,154.9,167.8,165.4,66.3,305.3,8,91.9,22.2,87.9,166,0.8,2.3,30.5,2.4,5.7,1.6,2.3,4.6
18/05/2019 00:00:00,210.9,153.9,159.3,98.9,364.1,37.4,26.3,37.3,4.9,93.7,314.9,175.8,364.8,11.3,18.7,151,161.1,160.8,62.2,284.4,7.4,91.4,21.8,89,151.3,0.5,2.3,30.9,2.6,5.5,1.6,2.3,4.8
19/05/2019 00:00:00,122.1,128.2,205.5,91.9,342.3,38.3,25.4,44.2,4.1,99.9,381.2,206.1,495,13.8,18.7,177.6,161.6,235.4,79.3,324.7,8.9,93.5,23.4,79.9,151.5,1.2,1.9,23.8,2.6,5,1.6,2.1,4.3
20/05/2019 00:00:00,129,138.6,216.8,99.3,362,39.5,26,43,4.4,100.5,359.9,212,494.5,13.8,16.2,178.2,164.1,230.6,68.5,323.2,9,89.4,24.1,90.8,160.4,1.3,2.2,25.8,2.6,5.5,1.7,2.2,5.3
21/05/2019 00:00:00,108.6,141.7,221.1,106.7,380.7,41.2,24.8,33.7,4.6,102.6,379.2,216.4,500.6,13.8,18.1,186.1,171.1,233.1,77.4,337.7,8.9,98.1,25.1,92,170,1.4,2.1,27.1,2.6,5.4,1.8,2,5.6
22/05/2019 00:00:00,126.4,144.5,226.7,111.4,387.1,40.5,25.4,41.7,4.8,103.9,387.3,219.3,513.1,13.5,19,189.3,176,241.9,78.4,342.2,9.1,99.8,26.5,95.4,181.2,1.4,2.2,28.9,2.8,5,1.8,2.1,5.4
23/05/2019 00:00:00,132.7,146.7,226.5,109.7,387.1,41.2,27.5,42.6,4.8,105.5,392.9,221,511.8,13.5,18.4,193.3,176.9,236.5,84.3,352.2,9.1,99.6,27.4,96.5,178.9,1.2,2.3,27,2.7,5.3,1.9,2.1,5.1
24/05/2019 00:00:00,133.3,143.3,228.3,103.2,364,40.9,28.1,46.3,4.5,104,389.6,221,513.3,13.5,18.2,193.3,176.9,236.5,84.3,352.2,9.1,99.6,27.4,96.5,178.9,1.2,2.3,27,2.7,5.3,1.9,2.1,5.1
25/05/2019 00:00:00,126.3,132.9,224.7,98.7,358.7,38.7,25.7,44.2,4.1,104.1,375.4,217.3,504.1,13.5,18.3,189,171.1,219.1,79.3,325.7,8.3,94.2,26.5,94.6,177.7,1,2.1,22,1.9,5.3,1.8,2.2,4.5
26/05/2019 00:00:00,86.3,93,178.7,46.1,240.8,22.5,13,45.6,2.4,81.6,282.4,182.1,395.6,7.4,13.5,176.7,219.7,226.4,69.9,276.5,6.1,68.2,21.5,66.5,100.4,1,2.1,19,2.4,5.6,1.6,2.2,3.1
27/05/2019 00:00:00,74.7,92,171.9,48.7,247.4,21.7,20.5,44.7,2.4,86.4,291,183.4,403.6,6.9,15,181.4,224.9,238.3,75.3,302.6,7,63,23.2,69.1,114.7,1.4,1.9,21.5,2.7,5.8,1.8,2.1,3.5
28/05/2019 00:00:00,69.6,85.9,171.4,46,241.6,19.5,15.6,42.8,2.3,80.8,263,178.9,394.4,7.2,12.9,175.4,210.7,231.2,69.9,290.7,5,69.9,23.9,74.7,106.4,1.5,2,21.3,2.6,5.3,1.7,2,3.6
29/05/2019 00:00:00,63.1,76.7,161.2,46.1,239.9,18.2,12.8,44.6,2.3,75.2,238.2,160,357.9,6.2,3.2,162.1,207.4,214.9,66.7,256.3,4.2,72.7,24.2,79.1,107.8,1.4,2.1,19.5,2.3,5,1.5,2.1,3.5
30/05/2019 00:00:00,66.9,74.7,127.9,44.1,238.9,18,12,43.2,2.3,73.4,207.5,150.3,328,6.9,2.2,159.7,202.5,213.6,65.7,245.9,4.1,73.3,23.2,82.7,111.8,1.3,2,19.1,2.5,4.7,1.6,2.1,3.2
31/05/2019 00:00:00,57.6,65.9,105.8,44.4,217.3,17,12.9,42.9,2.4,77,192.3,131.8,348.2,7,2,160.4,202.7,217.4,66.6,244.7,4.1,76.3,23.7,80.7,117,1.3,2,20.6,2.5,4.3,1.8,2.1,3.1
02/06/2019 00:00:00,56.1,64.8,123.5,42.4,219.4,16.9,12.6,40.9,2.2,73.6,201.7,142.8,351,6.8,1.7,161,208.6,214.6,67.5,244.5,4.1,67.3,23,82.8,125.2,1.3,1.9,21,2.4,3.7,1.5,2,3.6
03/06/2019 00:00:00,113.4,125.5,203.1,78.4,296.7,35.1,26.6,41.8,3.7,74.1,351.2,171,357.7,10.8,18.2,152.5,143.2,146,63.3,253.7,7,84.4,22.4,83.8,158.2,0.9,2,26.2,2.4,5.6,1.7,2.1,5
04/06/2019 00:00:00,119.7,132.4,202.6,75.9,290.5,34.7,27.2,42.6,3.4,76.7,347.8,169.7,383.7,10.8,17.1,146.7,146.8,146.2,65.9,257.5,7.2,82.6,23.9,85.8,159.6,1.1,2,26.9,2.5,5.9,1.7,2.2,4.7
05/06/2019 00:00:00,124.5,137,200.6,74.2,286.8,34.8,27.8,42.3,3.7,75.7,337.8,164.3,387.9,11.5,18.3,144.4,146.2,147.4,65.6,262,7.3,80.2,23.6,79.8,149.6,1.1,2.2,26.7,2.7,5.9,1.7,2.1,3.8
06/06/2019 00:00:00,125.7,137.9,202.3,75.9,286.7,35.9,27.4,43.5,3.7,72.8,327.4,164.9,383.7,10.5,18.6,146.6,145.2,147.2,65.1,259.4,7.1,74.1,20,70.8,124.8,1.2,2,24.6,2.5,6.1,1.7,2.1,4.1
07/06/2019 00:00:00,122,134.7,204.3,76,302.9,36,27.6,43.2,3.7,73.9,312.7,171.3,363.2,10.5,18.2,151.4,149.4,141.8,64.9,266,7.7,70.3,19.9,70.5,110.6,1.2,2.1,22.3,2.5,5.7,1.7,2.1,3.9
08/06/2019 00:00:00,117,124.8,197,69.1,287.8,32.7,25.2,42.6,3.4,73.5,279,170.3,347.4,10.5,17.2,149.8,149.4,140.1,62.4,241.5,7,71.1,22.9,73.9,116.3,1,2.1,20.3,2.5,5.5,1.8,2.1,3.7
09/06/2019 00:00:00,90.7,104.3,185.3,60.8,290,26.1,17,43.1,2.9,68.5,233.3,162.8,313.9,8.9,12,146.1,141.9,132.6,57.2,195.7,5.3,77.9,24.5,76.1,113.9,0.8,2.2,22.7,2.5,5.6,1.7,2.4,4.1
10/06/2019 00:00:00,102.8,115.2,225.2,67.9,259.4,35,29,43.1,3.7,80.8,333.9,243.7,412.4,12,17.9,165.2,181.9,211.9,62.7,278.2,6.9,75.3,22.8,67.6,120.6,1.3,2.2,23.2,2.9,6.2,1.8,2.1,3.9
11/06/2019 00:00:00,92.4,97.9,208.1,67.7,231.2,28.6,27.7,41.1,3.8,79.9,329.3,238.3,417.1,12,18.1,166.6,184.4,216.2,63.9,281.6,7,75.8,24.5,81.9,124.5,1.7,2.1,23.5,2.6,6.2,1.9,2.1,3.8
12/06/2019 00:00:00,105.3,118.9,227,70.8,242.7,37.3,29.3,45.3,3.8,82.7,327.6,241.9,417.4,12,18.2,167.5,185.8,216,65.1,289.8,7,68.7,24.5,81.8,125.7,1.4,2.1,23.3,2.8,5.9,1.9,2.2,3.9
13/06/2019 00:00:00,104,118.3,224.8,70.4,259.8,38.2,29.8,45.4,3.8,80.8,327.4,235.6,413.3,12,18.2,169.7,184,218.7,66.6,294.9,7.1,63.7,24.6,73.5,127.2,1.3,2.4,23.5,2.9,6,1.9,2.2,3.7
14/06/2019 00:00:00,105.3,113.7,219.2,72.5,246.2,38.9,29.9,53,3.8,79.2,322.5,218.1,397.6,12,18.1,169.7,176.9,219.4,68.3,298.9,7.2,71.2,22.7,75.4,124.9,1.4,2.3,23.8,2.8,6.3,1.9,2.1,3.8
15/06/2019 00:00:00,95.3,107.2,221.5,58.6,239,33.4,25.5,51.6,3.3,64.5,297.7,214.8,351.6,11.5,14.9,168.6,157.7,202.8,64.6,283.2,6.4,69,23.5,84.1,114.8,1.2,2.2,22.6,2.6,6.3,2,2.2,3.4
16/06/2019 00:00:00,97.9,103.7,221.8,63.7,249.1,35.6,26.9,48.9,3.3,69.2,300.2,222,361.6,9.8,16.2,162.7,140.1,197.3,61.2,272.9,6.5,69.8,22.3,82.2,112.4,1.1,2.2,22.5,2.9,5.9,2,2.2,3.1
17/06/2019 00:00:00,146.2,158,226.8,102.8,412.7,44,27.9,41.8,5.1,92.2,382.1,219.1,507,11.8,17.7,193.1,172.2,225.8,85.2,348.9,8.8,106.2,28.4,93.9,184.1,1.1,2,26,2.3,5.2,1.8,2.1,4.4
18/06/2019 00:00:00,158.9,167.3,230.7,110.8,413.5,45.1,29.2,48.3,5.3,92.3,387.9,222.8,513.6,12.4,18.2,201.7,173,221.7,86.8,359.7,9.1,107.3,28.7,85,193.3,1.1,2.1,27.6,2.6,5.2,1.8,2.1,5.1
19/06/2019 00:00:00,169.5,171.5,233.6,114,428.3,35.8,13.1,48.1,5.5,88.9,384.3,225.1,513.9,12.4,18,202.5,171.3,219.4,87.7,364,8.8,105.8,27.5,81.5,192,1,2.2,27.1,2.6,5.2,1.9,2.3,5.2
20/06/2019 00:00:00,161.7,164.4,240.3,114.5,442,47.2,29.4,48.7,5.2,92.3,391.1,227.8,522.1,12.4,18.1,202.5,175.1,218.9,89.4,365.3,9.3,96.5,25.2,94.3,172.7,1.1,2.1,25.5,2.4,5.2,1.8,2.2,4.7
21/06/2019 00:00:00,139.4,147.7,234,105.5,398.2,45.1,28.8,43.5,4.9,93.5,388.3,223.8,505.3,12.4,17.9,199.9,172.5,205.3,82.8,355.5,8.5,104.7,26,92,184.2,1.1,2.2,24.7,2.2,5.4,1.5,2.4,3.6
22/06/2019 00:00:00,142.4,156,238.8,109.2,406.1,44.6,29.1,44.6,4.6,92.1,384.8,223.5,503.3,12.4,17.9,201,172.6,194.1,81.2,351.6,9,102.3,26,91,155.6,1.2,2.3,25,2.3,5.1,1.6,2.4,3.6
23/06/2019 00:00:00,150.2,151,239.8,99.9,414.7,41.9,26.6,46.4,4.3,92.8,372,219.1,487.5,12.4,17.7,199.1,171.1,176,77.8,328.3,8.5,101,26.2,90.7,154.9,1.1,2.2,25.8,2.5,5.3,1.7,2.2,5.2
24/06/2019 00:00:00,105.1,126.4,234.2,77.7,281.2,40,32.2,51,4.5,78.7,324.8,235.9,445.9,9.9,18.3,177.3,211.8,233.6,73.3,283,6.9,78.2,25.3,69,112.2,1.8,2.4,21.5,2.8,6.5,1.9,2.3,3.5
25/06/2019 00:00:00,106.5,129.6,240.4,75.9,283.7,41,32.8,51.3,4.3,79.8,327.1,243.1,457.6,10.1,18.6,180.6,216.6,233.8,75.7,294,6.9,79,26.2,68.4,122.3,1.9,2.1,22.9,2.4,6.5,1.6,2.1,3.5
26/06/2019 00:00:00,111.2,130.3,238.7,76.6,283.2,39.6,31.3,49.8,4.2,77.1,329.1,242.1,460.2,10.3,18.8,182.4,216.3,234.8,74.9,297.4,7,81.6,25.9,70.3,118.8,1.9,2.1,24.1,2.3,6.6,1.6,2.1,4.5
27/06/2019 00:00:00,111,129.6,238.6,75,270.6,39.3,31.6,50.6,4.2,80.8,337.6,242.8,464.3,10.4,18.5,184.3,218.9,233.2,76,302.3,7.1,79.4,25.6,71,118.3,2.1,2.3,22.8,2.7,6.5,1.9,2.5,3.4
28/06/2019 00:00:00,112.9,131.6,237.6,76,283.9,39.9,32.1,50.3,4.2,82.2,341.5,250.7,466,10.1,19,182.8,217.2,233.6,76.3,300.3,7.5,79.7,26,69.5,121.4,2.7,2.3,23.1,2.7,6.6,1.9,2.5,3.5
29/06/2019 00:00:00,114.3,130.9,245.5,71.4,284.6,39.9,30.1,50.9,4.1,83.7,339.1,255.7,464.7,10,18.7,183,213.6,228.6,74,299.5,7.3,78.7,26.4,70.4,119.1,2.8,2.1,23.2,2.7,6.7,2,2.3,3.4
30/06/2019 00:00:00,99.3,116.7,231,60.3,282.3,33.5,26.6,49.9,4.1,80,312.7,254.5,424.1,8.7,14.9,178.7,208,214.7,65.3,270.3,6.3,82.8,26.6,70.1,107.5,2.1,2.3,22.2,2.8,6.5,1.9,2.3,3.3
01/07/2019 00:00:00,163.9,157.5,180.9,103.8,379.4,33.9,24.2,34.8,4.8,94.5,300.2,172.3,424.5,11.7,18.9,164.3,217.8,158.5,65.6,282,7.5,104.7,22.1,89.8,151.8,0.9,2.3,34.2,2.4,5.2,1.6,2.4,4.9
02/07/2019 00:00:00,192.4,176.4,196.9,110.9,388,40.3,25.7,41,5.1,94,307.4,172.8,433.7,11.8,18.9,161.9,217.9,160.1,67.4,281.3,7.4,110.7,24.2,96.4,166.7,1,2.2,36,2.6,5.7,1.7,2.4,5
03/07/2019 00:00:00,209.5,187.7,215.6,117.8,379.5,41.4,26.7,41.2,5.5,94.2,312.7,174,431.6,11.9,18.4,159.9,217.8,169,67.2,283.3,7.7,111.8,26.2,107,180,1,2.4,38,2.5,5.4,1.6,2.5,5.3
04/07/2019 00:00:00,221.9,189.8,222,115.7,372.6,40.7,27.5,41.8,5.7,96.9,313.2,173.9,426.7,11.9,19,160.9,204.2,168.4,65.7,279.8,7.4,114.5,25.8,99.8,184.4,0.8,2.6,37.2,2.9,5.4,1.8,2.6,5.3
05/07/2019 00:00:00,239.1,200.7,231.7,117,400.1,42.9,29.7,41.6,5.6,97.5,313.4,181,426.8,11.9,18.9,164.7,193.4,168,63.9,284.2,7.5,110.8,24.8,95.2,168.6,0.7,2.6,33.2,2.1,5.5,1.8,2.7,5.1
06/07/2019 00:00:00,245.6,195.7,237.9,110.1,368.5,40.8,28.7,42.5,5.1,95,287.5,174.5,424,11.3,18.7,165.4,210.6,160,64.6,284.2,7.9,100.7,24.7,94,161.6,0.8,2.4,34.8,2.5,5.5,1.9,2.5,4.4
07/07/2019 00:00:00,239.4,175.1,229.1,102.1,341.6,37.1,25.6,39.5,4.3,90.8,290.3,165.6,414.1,10.2,18.4,166.8,212.1,155.9,58.4,261.3,7.4,103.1,23,87.8,151.5,0.6,2.1,35.1,2.4,5.4,1.8,2.4,4.6
08/07/2019 00:00:00,77.9,86.6,171.8,57.8,280.3,21.6,12.1,46.6,2.5,76.5,261.3,179.6,380.5,7.8,2.7,168.7,143.8,196.4,69.6,253.7,5.4,80.8,24.4,69.7,118.8,1,1.4,15.8,2.5,4,1.4,2,3.3
08/07/2019 00:00:00,75.3,86.1,154.1,59.9,268.3,22.1,13.9,45.5,2.6,77.9,265.8,182.2,388.6,8.2,2.9,170.6,145.1,207.4,71.7,255.6,5.7,70.2,22.6,78.2,118.4,1.3,1.4,15.5,2.3,3.7,1.5,2.1,3.4
09/07/2019 00:00:00,68.5,84.4,163,56.8,260.2,22.6,13.9,40.4,2.4,70.6,268,185.8,399.1,8.2,3,169.3,142.9,207.2,71.3,255,5.6,64,18.8,64.7,82.4,1.3,1.1,14.8,2.1,3.8,1.4,1.4,3.5
09/07/2019 00:00:00,81.2,89.7,171,58.6,283,23.1,14.4,45.9,2.6,75.1,275.8,189.3,405.7,8.6,3.2,170.1,142.4,207.9,70.7,260.5,5.8,72.8,20.6,63.6,95.1,1.4,1.4,14.3,2.3,4,1.4,2,3.3
10/07/2019 00:00:00,83.7,92.4,167.2,59.9,284.4,23.3,14.2,43.9,2.7,75.2,278.9,186.2,410.2,8.9,3.3,170.5,144.9,205.5,70.6,261.7,5.7,75.3,19,67.3,99.8,1.5,1.3,16.8,2.1,4.1,1.4,1.8,2.9
10/07/2019 00:00:00,91,94.2,170.6,59.5,293.6,22.8,14.1,44.6,2.8,74.5,280.6,187.9,412.7,9.2,3.4,169.4,146,193.5,69.9,260.8,5.8,71.8,21.1,56.5,93.3,1.5,1.4,16.5,2.2,4.1,1.4,1.8,2.9
11/07/2019 00:00:00,91.6,96.6,168,62.2,296.3,23.9,14.6,42.4,2.8,72.5,275.4,183.3,404.4,9.5,3.8,159.1,140.9,198.2,70.3,259,5.6,73.6,22.3,55,97.8,1.4,1.3,17,2.1,4.3,1.4,1.8,2.9
11/07/2019 00:00:00,100.8,111.4,208.2,61.5,264.6,33.2,27.3,42.5,3.3,70.8,316.8,232,421.9,12,18.1,175.1,191.5,180.4,72.1,282.8,7.2,68.6,23.8,66.7,110.8,1.3,2.1,22.6,2.5,5.9,1.7,2.3,3.5
12/07/2019 00:00:00,100,115,211.8,62.6,268.3,34.1,27.4,43.5,3.4,70.7,318.5,235.2,429.8,12,18,173.8,190.6,183.5,72.6,291.4,7.4,67.8,23.9,73.6,111.2,1.5,2.1,23.6,2.6,5.9,1.8,2.1,3.5
12/07/2019 00:00:00,105.3,114.6,214.7,63.6,266.3,34.1,27.7,43.9,3.5,71.1,318.6,238.4,431.3,13.4,18.3,167.6,194.8,186.2,71.5,290.2,7.4,67.5,24.1,74.9,114.1,1.4,2.1,23.2,2.5,6,1.9,2.1,3.5
13/07/2019 00:00:00,104.4,116.7,215.5,63.4,266.6,34.6,27.9,44.4,3.4,71.6,326.4,240.6,433.4,13,18.4,168.6,197.2,186.2,71.6,279.1,7.2,68.2,24.3,74.8,112.6,1.8,2.1,23.3,2.5,6,2.2,2.3,4
14/07/2019 00:00:00,106.3,116.3,218.7,64,265.9,34.5,27.3,44.5,3.4,72.3,334.4,244,429.8,13,18.3,169.6,190.4,186.4,71.9,273.6,7.2,68.7,24.2,74.1,114.2,1.9,2,23.7,2.4,6,1.7,2.1,3.6
15/07/2019 00:00:00,102.7,114.6,220.6,60.4,260,34.7,28.2,43,3.3,71.2,331.3,245,431,13,18.3,169.3,177.5,188,72,267.5,6.9,67.6,24.6,73.8,113.9,1.9,2.1,23.3,2.5,6.2,1.8,2.1,3.6
16/07/2019 00:00:00,98.9,105.6,215,58,255.2,31.5,25.7,43.7,2.9,70.8,321.7,246,417.1,11.8,18,167.3,174,176.5,65.8,244.6,6.3,67.8,24.1,72.1,102.9,1.2,2.2,21.7,2.6,6.1,1.8,2.1,3.3
17/07/2019 00:00:00,124.5,123.4,220.5,61.6,289,35.5,26.6,46.2,3,81.1,342.9,203.6,457.5,9.8,18.3,192.4,225.2,247.7,80.3,338.2,7.9,76.7,20.6,75.7,129.3,0.9,2.2,23.7,2.4,6.1,1.8,2.1,3.9
18/07/2019 00:00:00,130.5,127,218.3,61.7,297,34.8,26.9,46.3,3.1,93.1,341,207.8,466.3,10.5,18.4,196.9,229.8,252.8,83.3,348,8.3,78.3,22.4,85.3,144.4,1.1,2.1,23.1,2.5,6,1.9,2.2,3.9
19/07/2019 00:00:00,124.2,121.7,211.7,60.1,295.8,32.1,26.4,45.2,3.1,87,326.8,205.1,462.2,10.9,18.2,197.8,231.2,250.4,83.3,349.7,8.4,76.4,23.6,85.1,148.9,1.2,2.1,23.4,2.4,5.9,1.8,2.2,3.9
20/07/2019 00:00:00,115.1,98.4,187.8,46.1,274.1,23.1,18.9,45.4,2.5,69.9,256.6,186.3,406.8,9.3,12.1,193.1,218,247.6,81.4,339.8,7.5,72.9,21.9,81.6,136.7,1,2,22.3,2.4,5.8,1.8,2.1,3.8
21/07/2019 00:00:00,114.6,109.1,199.1,54.4,268.5,27.3,21.7,40.9,3,79.3,300,193,439.2,9.9,14,196.4,225.6,248.4,82.2,347.6,8.2,74.6,21.2,80,136.4,1.2,2,21.2,2.7,5.7,1.8,2,3.8
22/07/2019 00:00:00,119.6,114.1,208.2,57.9,267.7,32.3,25.5,45.7,2.9,87.3,333.3,198.8,460.8,11.7,17.4,200.7,224.6,249.4,82.6,349.2,8.7,75.5,22.6,83.3,140.5,1.2,2,21.7,2.5,6.1,1.8,2,4
23/07/2019 00:00:00,117.9,113.6,211.1,58.2,279.9,33,24.6,46.4,2.7,91.3,333.7,200.9,452,12.4,17.9,195.8,222,240.6,77.5,328.1,8,77.1,22.9,84.9,137.4,1.1,1.9,23.2,2.6,5.9,1.7,2.1,3.9
24/07/2019 00:00:00,96.6,115,217.7,64.2,256.7,36.6,29,47.8,3.5,84.3,324.5,218.2,419.4,11.9,17.5,190.1,195.8,220.3,72.7,319.7,7.5,70,22,74.6,120.4,1.5,2.2,20.9,2.9,6.3,1.7,2.2,3.9
25/07/2019 00:00:00,96.3,116.6,232.5,65,257.1,36.1,27.3,47.9,3.2,84.5,327.9,223.4,425.1,11.9,18,192.8,203.3,233.1,75.2,330.9,7.8,68.5,22.9,76.8,127.1,1.5,2.2,21.9,2.3,6.7,1.8,2.2,4
26/07/2019 00:00:00,101,116.2,231.1,65.3,261.5,37.7,29,47.6,3.4,88.5,329.9,227.2,436.2,11.8,18.4,187.7,205.3,234.9,76.6,326,7.7,69.4,22.1,77,116.3,1,2.2,22.2,2.9,6.5,1.7,2.1,3.8
27/07/2019 00:00:00,97.9,113.4,233.4,65,263.7,37,30.8,42.9,3.4,91.1,335.8,222.8,442.4,11.2,18.5,193.6,205.5,231.5,76.9,323,7.7,71.1,23,78,137,1.4,2.2,23.6,2.6,6.5,1.8,2.2,3.8
28/07/2019 00:00:00,102.1,118.2,235,65.6,263.8,37.4,27.5,43,3.4,92.1,335.9,231,443.5,10.9,18.4,192.6,212.4,229,75.1,321,7.8,73,22.3,80.6,139.4,1.6,2.2,23.4,2.6,6.4,1.8,2.2,3.6
29/07/2019 00:00:00,102.4,119.6,235.3,61.1,265.3,37.2,28.3,43.4,3.2,92.2,328.5,232.4,441.3,10.9,18.2,191.9,211.4,228.6,74,318.7,7.8,70.6,22.9,83.1,139.5,1.6,2.2,23.9,2.6,6.3,2,2.1,3.9
30/07/2019 00:00:00,98.4,110.4,231.4,59.2,263.6,34.4,24.7,42.3,3,92.7,313.7,229.2,424.4,10.9,18.1,190.2,209.9,215.4,68,294.7,7.2,73.1,23.7,82,131.2,1.1,2,22.6,2.1,6.1,1.8,1.9,3.9
31/07/2019 00:00:00,232,169.4,235.1,114.8,405.1,41.8,29,49.3,6,83.8,330.9,195,473.9,11.5,17.5,193.4,166.1,218.2,75,347.5,8.9,108.7,27.2,87.4,187.7,1.2,2.4,30.2,2.3,5.1,1.5,2.3,5
01/08/2019 00:00:00,206.1,140.6,223.7,99.3,384.1,42.6,29.4,44.9,5.5,87.9,316.1,202.7,476.8,11.5,17.8,197,171,217.5,75.8,354.1,9.2,106.4,27.3,82.8,176.5,1.2,2.4,32.7,2.3,5.7,1.5,2.3,5.7
02/08/2019 00:00:00,246.5,172.2,208.5,106.4,394.1,44.2,29.6,45.9,5.7,89.6,319.2,187.8,473.8,11.5,17.9,204,172.7,218.4,73.3,355.5,9,106.7,26.6,92.9,192,1.3,2.3,33.9,2.5,6,1.7,2.2,5.8
03/08/2019 00:00:00,228.4,179.9,224,112,389.6,44.1,29.8,44.9,5.7,88.9,338.8,196.1,479.4,11.5,18.2,195.3,170.2,218.4,72,348.5,9.1,108.4,25.6,102.3,184.5,1.3,2.2,35.1,2.6,5.9,1.8,2.3,5.4
04/08/2019 00:00:00,242.1,189.3,228.2,122.7,425.1,45.8,30.1,45.4,5.5,85.9,352,203.1,474.3,13.1,18.2,183,149.4,203.3,66.7,336.7,9.7,109.2,22.8,82.2,175.3,1.3,2.3,33.2,2.6,6,1.7,2.2,5.4
05/08/2019 00:00:00,263.8,197.7,241.8,118.5,398.6,46,30.4,44.2,5.6,75.1,354.3,198.1,463.8,12.4,18.3,183,149.4,203.3,66.7,336.7,9.7,80.4,21,79.8,170,1.3,2.2,32,2.6,5.7,1.7,2.1,5.1
06/08/2019 00:00:00,259.3,196.1,240.1,121,382,40.8,28.2,41,5.6,76.7,335.9,189.1,429.1,12.4,18.2,169.6,144.8,182.3,63.4,310.1,8.7,97.7,24,84.3,163.8,1,2.3,32.3,2.5,6,1.8,2.4,5.3
08/08/2019 00:00:00,135.7,128.2,220.8,75.7,361.1,28,20.6,43,3.4,75.7,299.7,204.5,404.9,9.1,7.3,177.6,144.2,192.5,63.7,277.3,6.8,101.6,26.3,81.3,149,0.9,1.9,21.5,2.4,4.8,1.5,2.2,4.6
09/08/2019 00:00:00,142.3,135.5,225.6,78.7,367.1,30.6,22.4,43.3,3.8,76.3,303.5,205.3,418.3,10.3,7.4,174.1,149.5,169.2,63.3,270.5,7,105.9,26.9,83.4,157.7,1.3,1.9,27.6,2.6,5,1.5,2.1,5.5
10/08/2019 00:00:00,143.6,134,231.8,81.3,370.6,31.7,23.6,44.2,3.9,76.2,307,208.3,420.9,10.5,7.9,164.7,151.3,174,65.6,274.7,6.9,102.2,26.5,74.2,148.2,1.2,1.9,30.9,2.6,5.2,1.7,2.1,4.1
11/08/2019 00:00:00,145.4,139.8,230,82.3,383.2,32.9,23.8,45.3,4,74.8,308.6,203.8,426.2,10.6,8.1,175.5,159.8,188,70.1,296.7,7.7,93.3,19.3,57.4,75.1,1.2,2,28.4,2.4,5,1.6,2.2,3.7
12/08/2019 00:00:00,160.4,142.4,233.5,84.8,382.7,33.7,24.3,43.4,4.2,78,316.6,207.2,434.5,10.6,8.2,186.9,166.9,196.5,71.2,302.2,7.8,81.6,17.4,70,51.5,1.1,2.1,20.2,2.8,4.4,1.5,2.3,3.7
13/08/2019 00:00:00,168.2,154.5,237.2,91.7,402.6,35.2,24.8,44.9,4.5,79.2,317.1,209.3,442.1,10.3,8.6,192.3,173.3,201.3,72.4,306.5,8.2,92.5,23.5,77.2,78.3,1.3,2,21.7,2.4,4.7,1.7,2.3,4.1
14/08/2019 00:00:00,171,158,244.1,95.2,417.5,36.1,24.1,41.2,4.6,79.4,315.2,216.6,443.5,10.7,8.1,195.9,168.1,201.2,74,311.9,8.1,98.6,27.3,84.5,102.9,1.3,1.5,23.6,2.5,5.1,1.4,2.1,4.7
15/08/2019 00:00:00,130.8,138.4,247.1,62.6,289.7,35.7,27,49.1,3.5,85.3,352.8,270.2,484.7,10.2,18.3,193.5,247.4,240,77.3,311.3,6.9,75.3,24,71.6,121,1.8,2.5,22.6,2.7,6.7,1.8,2.3,3.4
16/08/2019 00:00:00,129.7,142.3,250.9,64,292.4,36.7,26.9,48.8,3.5,86.9,353,272,493.9,10.3,18.7,197.3,252.5,244.1,77.4,317.5,7.3,74.8,23.9,71.1,125.4,1.8,2.2,22.5,2.6,6.2,1.6,2.3,3.5
17/08/2019 00:00:00,120.4,138.8,250.6,65.1,291.2,35.7,28,51.6,3.7,86.5,356.3,272.3,497.9,10.7,18.7,198.1,254.3,247.8,76.5,321.5,7.5,76.1,23.6,73.3,124.2,1.9,2.2,22.4,2.7,6.3,1.6,2.2,3.5
18/08/2019 00:00:00,110.3,127.1,246.9,63.6,279.7,36.5,26.9,47,3.6,88.6,363.5,271.7,499.8,10.9,18.5,197.4,250.3,246.6,75.3,319.1,7.5,76.5,23.7,74.6,124.8,1.8,2.3,23.1,2.8,6.3,1.6,2.1,3.2
19/08/2019 00:00:00,105.7,107.8,248.9,64.3,234.2,32.8,26.2,50.2,3.4,88.7,334.7,264.2,491.7,10.6,18.4,194.6,254.3,243.4,74.7,314.8,7.7,76.2,24.5,71.5,130,1.8,2.1,22.9,2.8,6.1,1.6,2.1,3.4
20/08/2019 00:00:00,118,115.6,247.3,60.7,247.1,34.6,26.8,49.5,3.3,88.1,349.9,255.9,489.1,10.6,18.5,194.6,252.2,236.8,76.9,316.4,7.4,64,24.3,71.6,124.9,1.7,2,22.8,2.6,6,1.7,2.1,3.4
21/08/2019 00:00:00,114.3,112.1,236.3,59.4,250.7,32.7,25.8,47.6,3.1,86,341.7,252,477.6,9.4,18.4,191.3,249.5,230,71.1,291,7.2,70.2,23.6,70.6,113.2,1.4,2.1,20,2.6,5.9,1.6,2.2,3.2
22/08/2019 00:00:00,103,114.3,217.9,67.6,243.5,37.1,29.7,48.8,4.2,72.7,307.5,221.8,434.9,12.5,18.5,155.9,204.5,195.5,68.7,255.2,6.8,64.1,22.4,68.4,109.9,1.7,2.1,20.9,2.5,6,1.8,2.1,3.4
23/08/2019 00:00:00,105,119.2,222.5,70.2,253.5,38.5,30,48.9,4.2,75.8,309.1,223.8,445.4,12.7,18.6,158.2,208.6,198.9,67.1,266.2,7,65.4,24.2,68.9,112.9,1.8,2.1,21.2,2.6,5.9,1.8,2.1,3.5
24/08/2019 00:00:00,109.4,120.7,223.2,70.2,263.3,39.3,31.5,50.2,4.4,76.2,316.4,224.1,444.6,12.4,18.8,160.2,211.7,196.4,69.8,270.6,7.1,71,23.9,69.3,111.2,1.8,2.1,22,2.6,6,1.8,2.2,3.5
25/08/2019 00:00:00,107.5,122.4,227.8,73.2,266.5,39.4,31.1,48.1,4.5,76.8,329.4,230.9,444.1,11.5,18.8,166.5,215.6,202.9,71.2,274.3,7.1,67.3,24,66.7,112.4,1.9,2,20.9,2.5,6,1.6,2,3.6
26/08/2019 00:00:00,114,125.4,234.8,74.8,271.7,38.8,30.4,50.9,4.4,77.9,332.8,236.3,443.7,11.5,18.6,167.6,214.2,204.9,71.7,281.8,7.1,71.7,24.6,67,109.4,1.9,2.1,22.1,2.8,6.1,1.9,2.2,3.4
27/08/2019 00:00:00,114.7,124.1,233.4,70.7,267.8,38.5,30.3,48,4.3,77,329.7,239.5,443.6,12.7,18.7,167.4,216.1,202.6,70,268.8,6.9,71.5,25.2,65.8,112.6,1.9,2.2,22.1,2.6,6.2,1.9,2.2,3.5
28/08/2019 00:00:00,111.3,115.8,227.9,70,266.1,36,28.2,50.6,3.9,79.7,316,240.9,431,11.9,18.5,164.8,216.4,192.6,64.7,254.8,6.3,73.4,25.3,66.4,104.1,1.7,2.1,20.3,2.5,5.9,1.9,2.1,3.5
29/08/2019 00:00:00,238.1,212.7,243.9,124.6,405.3,41,29.6,39.7,6,97,301.1,172.7,407.9,11.8,18.6,172.8,199.8,188.3,67.7,276.8,7.4,108.4,25.1,105.3,175.3,1,2.2,31.6,2.6,5.4,1.6,2.1,5.9
30/08/2019 00:00:00,239.6,209.7,245.4,125.1,393.2,38.2,30,41.2,5.9,89.8,311.6,167.7,412.2,11.3,18.1,162.7,194.5,179.8,69.2,274.6,6.9,93.4,25.1,103,174.9,1.1,2.1,31.4,2.4,5.3,1.6,2.1,5.3
31/08/2019 00:00:00,243,208.4,245.5,121,351.9,37.7,31.5,42.2,5.8,90.6,316.1,169.8,399.2,11.5,18.7,159.2,161.5,177.7,68.4,282.1,7.5,79.2,25.4,105.7,164.1,1.2,2.3,33.1,2.4,5.3,1.6,2.3,5.2
01/09/2019 00:00:00,224,200.4,240.5,113.9,350.6,40.2,30.5,39.1,5.4,95.8,320.2,174.1,386.2,11.5,18.4,153.8,167.1,171.9,68.6,277,7.4,96.1,26.2,109.6,172.8,1.1,2.3,36.1,2.4,5.5,1.7,2.4,5.8
02/09/2019 00:00:00,225.2,200.8,242.4,113.4,375.3,40.8,29.8,42.7,5.2,100,321,173.2,383.2,11.5,18.1,152.4,165.1,177.6,70,287.2,7.4,104.5,26.6,105,183.4,1,2.2,35.5,2.5,5.7,1.8,2.2,5
03/09/2019 00:00:00,227.9,196.3,237.8,108.1,378.5,41,31,43,5.2,101.4,314.9,172.9,389.6,11.8,18.4,159.3,167,180.1,70.3,282.9,7.5,98.8,25.7,93.3,176.2,1.1,2.1,36.2,2.5,5.8,1.6,2.2,5.1
04/09/2019 00:00:00,216.8,169.5,222.2,94,316.7,33.6,27,40,5.2,103.6,294.1,162.8,386.6,11,18.1,156.6,169.4,169.8,66.3,264.6,7,93.1,26.4,86.8,162.8,0.8,2,31.4,2.3,5.9,1.7,2.1,4.8
05/09/2019 00:00:00,95.3,105.7,205.6,59.2,232.8,33.2,24.6,42.6,3.3,85.1,338,202.7,490.5,10.4,18.7,201.2,241.2,255.6,83,337.6,8,71.7,23.7,79.4,129,1.4,2.1,23.4,2.3,5.4,1.6,2.1,3.9
06/09/2019 00:00:00,96.5,111.5,213.6,60.2,240.9,33.8,24.1,43.1,3.2,89.8,349.9,205.4,499.3,11.1,18.9,205.1,247.4,256.9,84.5,346.2,8.3,72,24.5,79.6,142,1.4,2,23.9,2.6,5.4,1.7,2.2,3.8
08/09/2019 00:00:00,102.4,115.1,215.2,60.7,249.9,34,24.7,46,3.2,89.1,355.9,203.4,479.6,10.9,19,204.3,256.2,256,84.7,347.2,8.3,73.4,24.4,80.3,142.2,1.4,2.2,23.7,2.9,5.4,1.8,2.2,3.8
09/09/2019 00:00:00,103.9,116.2,216.8,60.6,256.7,33.7,24.7,44.8,3.1,83.7,364.5,200.5,479,10.6,19.1,201.3,247.4,258.6,85.3,345.6,8.3,74.1,23.9,69.3,141.3,1.4,2.2,24.2,2.9,5.2,1.8,2.1,3.8
10/09/2019 00:00:00,105.6,117.4,210.3,63.4,263,34.4,21.5,47.3,3.1,83.6,362.3,195.1,478.2,10.5,18.9,198.5,236.7,251.1,84.5,348.3,8.5,75.2,22.9,64.8,140.2,1.3,2.3,24.2,2.9,5.8,1.8,2.1,3.9
11/09/2019 00:00:00,105.7,115.1,202.4,59.1,255.7,33.4,21.1,47.7,2.8,84.4,357.9,191.5,468.2,9.9,18.9,192.9,236.8,244.8,81.7,339.8,8.3,68.6,23.3,71.6,135.2,1.4,2.2,24,2.7,5.8,1.8,2.2,3.8
12/09/2019 00:00:00,166,175.3,256.5,118.5,353.6,37.8,28.3,39.9,4.4,104.7,362.2,202,432,11.3,18.7,172.3,174.7,194.8,70,303.6,7.6,89.3,26.4,107.6,181.7,0.7,2.4,24.5,2.5,5.1,1.7,2.1,3.9
13/09/2019 00:00:00,133.7,157.5,264.3,108,331.6,36.5,28.3,41.3,4.3,105.6,368.8,209.7,444.6,11.4,18.9,178.1,182.5,201.1,70,312.7,8.2,95.7,26.5,103,180.8,0.5,2.4,27.3,2.4,5.3,1.7,2.3,4.2
14/09/2019 00:00:00,147.9,147.1,261.6,91.6,363.8,39.1,29.1,43,4.7,105.8,372.6,216.6,457.9,11.4,18.8,181.9,185.7,202.6,69.2,324.5,8.4,97.7,25.6,91.6,183.8,1,2.4,28.4,2.5,5.7,1.8,2.3,5.3
15/09/2019 00:00:00,177.2,148.6,245.1,100.6,390.3,41.2,29.3,42.7,5,102.1,379.3,218.7,460,11.4,18.9,179.2,183.3,199.3,66.6,318.3,8.3,104.5,25.8,101.1,194.7,1.2,2,32,2.5,5.3,1.7,2.1,5
16/09/2019 00:00:00,192.9,171.8,240,108.6,407.1,42.4,29.5,41.5,5.3,98.7,390.7,218.6,449.2,11.4,18.8,169,182,195.4,61.3,308.9,7.8,106.1,26.1,96,188.9,1.5,2.1,33.6,2.6,5.6,1.6,2.5,4.7
17/09/2019 00:00:00,206,177.1,244.3,111.1,415,44.6,30.3,43.1,5.5,101.8,387.4,213.6,430.9,11.4,18.9,165.5,165.9,186.6,60.5,291.4,7.9,105.8,26.9,95.5,190,1.2,2.2,33,2.5,5.7,1.5,2.3,5
18/09/2019 00:00:00,211.6,171.5,240.5,105.6,418.2,41.2,28,40.5,5.2,108.5,339.6,209.9,405.6,11.4,19.1,164.9,170.3,168,56,282.4,6.5,109.9,27.4,95.3,182.7,1,2.2,30.4,2.5,5.6,1.8,2.3,6.2
19/09/2019 00:00:00,118.1,127.4,205.8,97.2,351,39,23.2,41.6,4.1,102.1,379.8,202.9,483.8,11.8,18.4,193.5,195.2,243.1,83,352.6,8.5,92.8,24.6,95.1,171.1,1.2,2,22.3,1.7,5.2,1.7,2,3.7
20/09/2019 00:00:00,95.9,95.5,159.2,89.2,284.6,37.5,25.3,39.3,4,100,359.3,176.6,478.3,14,18.9,193.9,193.8,249.3,87.3,362.1,8.7,88.5,26.6,93.8,178,1.2,2.1,20.4,2.1,5.3,1.9,2.1,4.6
21/09/2019 00:00:00,100.7,98.7,146.4,73.7,251.5,34.6,26,39.4,3.2,99.6,335.8,154,470.4,13.8,18.7,193.9,189,241.5,82.4,360.3,8.7,69.1,22.6,90.5,162.6,1,2.1,15.6,1.5,4.1,1.9,2.1,4.2
22/09/2019 00:00:00,98.6,106.5,168.3,74.4,269.9,33.7,25.8,46.7,3.2,101.8,355.9,181,482.3,13.8,18.7,195.6,186.3,217,76.5,306.4,7.2,81.1,23.5,91.2,170.5,1.1,2.1,23.9,1.7,5.1,1.8,2.1,4.5
23/09/2019 00:00:00,104.6,114.3,178.1,75.2,301,37.5,26.6,44.7,3.2,93.6,358.8,192,477.8,13.8,18.5,193.5,173.3,220.7,69.2,329,8.7,86.6,19.7,80.7,166,1,2.1,26.1,1.9,5.3,1.8,2.1,4.4
24/09/2019 00:00:00,112.8,116.2,187.2,78.7,315.6,38.1,26.1,44.7,3.5,95.6,367.5,200.5,487.4,13.8,18.4,187.8,167.9,228.6,74.9,330.5,9.2,89.8,22.6,79.9,164.3,1.2,2.1,23.8,1.8,5.3,1.6,2.2,3.6
25/09/2019 00:00:00,108.5,110.9,190.4,79.2,320.3,35.2,22.5,43,3.3,95.9,363.6,201.3,468.5,10.3,18.5,178.1,164.6,216,69.5,304.2,8.4,92.3,21.1,80.9,155,1,2.1,22.9,2.2,5.2,1.8,2.1,4.3
26/09/2019 00:00:00,146.2,155.4,206.5,85.8,324.6,35.5,27.4,40.8,3.8,87.8,341.8,181.8,438.4,12.8,18.1,165.1,175.4,160.2,68.7,301.2,8.2,92.9,24.2,89.9,141.5,0.8,2.1,29.5,2.4,5.5,1.7,2.1,4.5
27/09/2019 00:00:00,151.2,157.7,211.2,86,326.3,36.1,26.8,40.3,4.3,87.1,348,184.5,446.6,12.8,18.2,164.4,179.7,160.7,69.6,292.1,7.7,92.2,24.1,84.4,148.2,0.9,2.1,29.4,2.5,5.6,1.6,2.3,4.8
28/09/2019 00:00:00,141.5,157.5,213.1,88.3,330.1,35.8,28.1,38.9,3.9,86.8,357.3,185.5,452.7,12.8,18.3,156.5,180.8,158.1,67.7,282.1,7.5,93.3,24,80.8,141.6,0.8,2.3,30,2.4,5.3,1.7,2.2,4.6
29/09/2019 00:00:00,138.5,156.1,215.5,87.9,327.3,35.6,28.1,41.3,4.2,89.5,360.1,187.7,458.8,12.8,18.6,152.3,173.4,161.8,67.4,266.3,7.4,95,24.7,81.5,154.3,0.9,2,31,2.5,5.5,1.7,2.2,4.8
30/09/2019 00:00:00,118.8,145.9,213,86.4,323.6,35.7,28.1,30.5,4.1,83.1,364.7,187.1,441.8,12.8,18.3,154.9,163.4,162.5,67.9,276.9,7.5,95.5,25.5,81.7,161.1,0.9,2.1,30.1,2.6,5.4,1.7,1.8,4.9
01/10/2019 00:00:00,118.9,142.9,208.4,80.7,316.5,34.9,27.8,39.9,3.9,78.2,362.1,182.7,400,10.3,18.2,155.4,147.6,154.6,67,264.2,6.9,88.1,24.4,88,164.8,0.9,1.9,30.2,2.4,5.5,1.7,1.9,4.6
02/10/2019 00:00:00,110.9,137.5,202.2,75.3,299.3,31.8,23.7,40,3.3,75.7,343.1,168.1,368.4,10.8,18.1,149.7,142.9,138.3,61.8,249.8,6.6,83.8,22.3,90.4,156.5,0.8,2.1,29.1,2.2,6,1.8,1.9,4.9
03/10/2019 00:00:00,108.1,126,231,68.9,282.8,38.2,28.5,50.2,3.7,81.2,256.6,250.5,414.6,9.5,16.6,159.1,179.7,210.7,66.9,275.1,7.4,76.7,24.8,71.5,114.3,1.6,2.1,23.9,2.9,6.4,1.8,2.1,3.9
04/10/2019 00:00:00,116.9,131.7,237.6,72.2,295.3,40.6,25.8,52.5,3.8,80.1,282.7,249.2,418.4,9.5,17.3,151.4,171.6,204.2,67.9,240.3,6.5,74.5,21.4,71.9,116.8,1.3,2.2,22.9,2.9,6.5,1.9,2.1,3.8
05/10/2019 00:00:00,118,132,240.9,72.3,291.3,39.7,30.3,48.5,4,79.5,316.4,251.6,421.8,9.5,17.7,151.2,174,212.2,67.1,227.9,6,73.9,22.8,73.8,121.4,1.4,2.1,21.4,2.9,6.1,1.8,2.2,3.9
06/10/2019 00:00:00,120.1,131.3,244.1,72.2,293.4,39.1,29.7,50.3,3.8,77.8,327.5,251.9,421,9.5,17.9,157,178.2,215.5,66.3,238.1,6,75.3,22.4,71.8,117.2,1.4,2.2,22.8,2.8,6.6,1.9,2.1,4.1
08/10/2019 00:00:00,119,132.4,241.1,73.9,294.9,39.5,29.9,51.6,3.8,82.9,329.8,253.4,413.7,11.9,17.8,163.4,182.1,215.6,66.4,265.1,6.7,76.7,21.7,72.8,121.5,1.4,2.2,23.3,2.8,5.4,1.7,2.2,4.2
09/10/2019 00:00:00,114.9,129.5,242,66.2,293.8,39.1,29.3,50.4,3.6,83.3,329,250.8,413.1,12,16.8,165.2,182.5,211.7,66.1,268,7,75.1,21.7,74,122.6,1.3,2.3,23.2,2.8,6.6,1.6,2.1,4.1
10/10/2019 00:00:00,109.1,118.6,239.6,64.6,280,36.2,25.3,49,3.4,84.7,321.9,250.8,403.2,12,17.2,163.4,181.2,197.4,58.8,264.6,6.5,76.2,23.2,73.3,111,1.1,2.3,22.2,3,6.4,1.8,2.1,4
11/10/2019 00:00:00,156.3,152.5,215.5,110.5,399.9,42.9,27.7,46.6,5.1,91.9,378.4,200.3,499.8,11.5,18,193.3,167.1,219.6,85.3,341.5,9,104.2,26.5,91,174.5,1.1,1.8,19,2.1,4.7,1.7,1.8,4.6
12/10/2019 00:00:00,151.4,152.1,212.5,106,405.6,43,28,46.5,4.8,90.3,378.9,208.4,500.6,11.5,18.2,197,169.7,223.6,85.1,344.4,8.9,100.3,23.7,81.6,157.1,1.2,2.1,21.5,2.4,5.1,1.9,1.9,4
13/10/2019 00:00:00,153.8,150.7,221.5,102.7,401.4,41.7,29.6,45.9,4.8,87.4,376.5,213.9,497.9,11.5,18.1,196.7,170.1,225.7,84.6,339.4,9.4,100.2,25.5,81,166.7,1.1,2.1,23.8,2.4,5.1,1.7,2.2,4.2
14/10/2019 00:00:00,151.1,151.4,211.8,101.8,404.7,40.7,28.2,46,4.6,90.4,377.8,215.3,495.2,11.5,18.2,197.6,170.1,225,83.4,343.8,9.2,99.5,26.3,82.2,184.1,0.9,2.2,24.9,2.2,5.3,1.8,1.9,4.4
15/10/2019 00:00:00,137.9,143.5,192.2,100.9,394.2,40.8,28.2,46.1,4.7,94.1,374.3,216.6,495.1,11.5,17.9,197.4,175.9,222.2,83.6,348.3,9.2,103.1,28.9,90,192.9,1.1,2.3,24.8,2.3,5,1.7,2.1,4.4
16/10/2019 00:00:00,136.9,137.8,194.9,88.4,364.1,41.7,27.2,45.9,4.4,91,371.8,213.3,496.7,11.5,17.8,197.7,173.4,220.9,81.5,335.7,9,103.6,28.6,94.9,192.9,1.1,2.2,24.5,2.5,5.3,1.7,2,4.2
17/10/2019 00:00:00,134.9,141.2,211.2,89.8,400.3,40.8,23.7,46.8,3.9,91.8,360.5,211.6,481.3,11.5,17.4,196.5,166.2,211.5,78.2,320.9,8.3,106.3,27.8,92.6,172,1,2.1,25.3,2.4,5.1,1.6,2,4
18/10/2019 00:00:00,96.1,120.7,226.5,74.9,296.5,39.3,28.4,33.6,4.6,77,324.1,245.5,445.4,9.4,18.9,170.4,211,222.7,69.3,294.7,7.1,83.8,24.6,66.2,110.9,2.1,2.2,23.1,2.7,5.9,1.6,2.2,3.5
19/10/2019 00:00:00,105.4,123.2,226.8,74.9,289.5,38.9,28.7,38.1,4.7,78.4,257.6,247.7,452.7,10.5,18.1,166.7,211.4,230.7,70.4,287,7.1,82.5,24.8,68.2,113.8,1.9,2.3,22.3,2.6,6,1.6,2.1,3.7
20/10/2019 00:00:00,111.4,127.7,233.3,75.4,284,39.1,30.7,43.8,4.6,77.8,273.3,236.9,441.2,10.1,17.9,156,201.5,220.5,70.2,238.5,5.7,80.7,24.9,67.8,111.2,1.9,2.2,20.5,2.7,5.9,1.3,2.1,3.8
21/10/2019 00:00:00,112,125.3,225.9,76.4,253.9,39.8,31.1,42.2,4.7,78.8,309.7,214.5,438.8,10,18.2,153.7,200.8,227.3,70.1,227.2,5.2,77.1,25.4,65.6,113.8,1.9,2.3,20.9,3.2,6.1,1.6,2.2,3.7
22/10/2019 00:00:00,111.6,125.3,228.1,77.3,260.9,39.1,31.1,49.6,4.6,79.3,322.9,225,431.4,9.5,18,167.5,209.8,233,71.4,246.6,5.4,74.2,25.2,67.9,115,2,2.2,22,2.8,6,1.6,2.3,3.6
23/10/2019 00:00:00,110.4,126.1,230.2,73.3,279.8,39.6,31.3,49.9,4.3,72.5,322.1,230.2,431.8,9.3,18.1,169.5,209.8,228.3,72.3,262.1,6.1,73,24.3,68.4,116,1.2,2.2,22.6,2.6,6.1,1.6,2.3,3.5
24/10/2019 00:00:00,104.6,115.6,228.2,71.7,271.3,36.7,28.7,50,3.9,78.7,313.5,229.3,426.8,8.7,18.1,170.2,208.6,192.3,67.8,246.7,6,75,24,68.4,107.4,1.6,2.2,22.7,2.6,6.1,1.6,2.2,3.4
25/10/2019 00:00:00,256.1,206.9,211.5,115.5,449.7,39.9,29.1,42.9,6,92.7,270.6,195.4,379,10.3,18.5,186,196.4,154.5,55,306.7,8.5,110.7,24.5,94.1,164.8,0.8,2.2,33.9,2.4,5.2,1.7,2.4,5.5
26/10/2019 00:00:00,229.1,204.7,214.5,117.8,420.6,41.4,29.6,38.7,6.3,87.9,292.7,186.9,396.2,10.5,18.9,183.4,191.9,160.5,58.6,312.4,8.6,96.5,22.9,91.3,150.5,0.8,2.2,32.6,2.4,5.1,1.8,2.4,4.7
27/10/2019 00:00:00,233.8,192.2,207.5,113.9,393,42.3,29.4,35.7,6,80.5,293.4,169.4,399.4,10.5,18.5,183.6,200.8,161.3,59.4,306.8,8.1,99.9,23.2,93.9,152.2,0.7,2.1,33.4,2.5,5.5,1.7,2.2,5.4
28/10/2019 00:00:00,220.4,170.6,171,98.7,379.2,33.8,22.8,40.3,5.2,80.3,231.5,140.7,344.5,10.5,14.9,184.7,190.6,149.9,58.1,286,7.3,104.7,24.5,96.6,138.2,0.5,2.2,30.3,2.5,5.6,1.6,2.3,4.7
29/10/2019 00:00:00,226.5,177.7,156,107.7,377.1,36.1,26.6,38.5,5.6,88.3,258.5,149.7,378.1,11.3,16.2,183.3,213.1,164.2,62.5,301.6,7,108.1,25.2,103.9,157.1,0.8,2,33.2,2.4,5.5,1.3,2.2,4.5
30/10/2019 00:00:00,176.1,150.9,147.3,99.2,370.6,37.5,29.6,33.5,5,97.4,281.8,164.8,399.9,11.7,18.2,174,218.9,158.1,63.8,272.1,6.9,107.8,24.4,104.5,151,0.9,2,35.2,2.3,5.5,1.4,2.2,4.8
31/10/2019 00:00:00,124.2,125.4,163,89.1,353.2,30,34,38.8,3.6,96,282.4,169.2,399.2,11.7,18.4,164.1,217,142.7,60,260.2,6.5,104.9,21.8,89.8,144.9,0.6,2.3,33.3,2.3,5.3,1.7,2.2,4.5
01/11/2019 00:00:00,78.2,79.7,159.5,52.4,271,20.1,12.1,40.7,2.4,78.2,249.5,177.2,392.2,7.1,2.2,154.9,167.8,198.4,67.9,228.2,4.5,82.8,22.7,72.8,130.3,0.9,1.5,19.2,2.1,3.9,1.5,2.3,3.1
02/11/2019 00:00:00,82,83.4,162.7,56.4,282.3,21.3,13.1,40.4,2.6,78.3,260.7,179.9,391.7,7.7,2.4,158.7,164.6,206.6,70.8,239.1,4.7,88.8,24.8,74.8,143.3,1.2,1.6,21.7,2,4.2,1.6,2.3,4
03/11/2019 00:00:00,88.1,88.5,168.6,60.8,290,21.1,12.8,43.2,2.7,78.9,263.5,180.8,392.2,7.7,2.4,160.9,167.4,208.4,70.8,243.8,4.8,91.6,23.5,78.5,151.4,1.2,1.7,21.3,2.4,4.2,1.7,2.2,4.3
04/11/2019 00:00:00,84.5,91.5,170.4,62.8,289,22.1,13.3,40.7,2.9,77.5,261.7,180.7,395,7.9,2.4,163,159.7,217,70.6,248.2,4.9,70.3,21.8,77.8,137.6,1.3,1.2,16.4,1.9,3.6,1.3,1.7,3.4
05/11/2019 00:00:00,85.4,91.8,169.7,63,293.3,22.5,14,42.9,3,78.3,264.5,182.2,402.2,8.2,2.5,165,157.8,219.8,69.5,252.5,5.1,82.7,23.5,76.2,127.2,1.2,1.3,15.9,1.8,3.7,1.6,1.9,3.2
06/11/2019 00:00:00,83.3,89.2,169.2,65.2,290,22.9,14.1,39.7,2.9,83.4,269,188.7,401.9,8.1,2.6,166.6,157.7,219,71,254.9,5.2,82.9,24.6,77.9,130.9,1.2,1.4,15.2,1.9,3.6,1.6,2,3.2
08/11/2019 00:00:00,67.8,83.5,170.4,62.1,280.4,21.6,11.8,42.4,2.6,79.5,263.7,182.1,400.2,8.1,2.7,171,152.7,204.4,72.1,259,5.5,81,24.4,69.4,125.8,1.1,1.4,14.9,2,3.8,1.3,2,2.4
09/11/2019 00:00:00,99,107.9,212.4,63.2,269,32.9,27.3,36.2,3.3,72.1,308.7,209.1,402.5,12.2,17.7,173.2,160.5,168.5,67.9,286.3,6.5,74.8,23.9,73.3,109,1.2,2.1,23.6,2.3,5.9,1.8,2.2,4.3
10/11/2019 00:00:00,98,114.1,214.4,59.9,267.4,33,26.8,38.1,3.2,71.7,314.2,214.7,408.4,12.5,18.1,176,174.7,173.2,69.7,293.5,7.6,71.3,23.6,78.4,115.2,1.3,2,23.8,2.4,5.9,1.7,2.1,3.6
11/11/2019 00:00:00,102.6,113.3,215.3,62,268.7,33.7,27.9,39.3,3.5,70.8,314.5,218.5,414.3,12.4,18.1,173.3,176.6,177.3,70.8,295.1,7.6,69.1,23.9,70.4,115.8,1.5,2.2,23.7,2.4,6,1.8,2.1,4
12/11/2019 00:00:00,104,114,196.9,63.2,276.1,34,28.5,39.2,3.4,71.2,309.8,221.1,409.9,12.4,18,171.9,183.5,175.6,71.4,297.1,7.6,69.7,24.7,65,112.3,1.4,2.1,23.5,2.4,5.7,1.7,2.2,4.1
13/11/2019 00:00:00,101.8,114.4,194.3,60.6,277.4,34.3,27.8,38.8,3.5,71.2,307,222.6,410.3,12.4,18,165.5,194,172.8,72.6,288.3,7.4,72.7,24.7,65.2,117.8,1.3,2,24.7,2.4,5.6,1.7,2.1,4
14/11/2019 00:00:00,101.3,110.5,200.5,60.4,272.1,33.3,27.6,41.8,3.3,70.8,313.7,224.7,416.2,12.9,18.2,168.3,192.5,172,72.1,273.6,7.4,71.2,23.8,66.7,115.7,1.4,2.1,24.1,2.5,5.8,1.9,2.2,3.8
15/11/2019 00:00:00,93,101.8,203.7,58.5,257.1,30.9,25.3,42,3,70.8,299.7,227,406.7,12,17.7,168.3,189.2,164.1,65.4,260.2,6.7,69.4,23.9,64.2,106.1,1.1,2,22.4,2.5,5.7,1.7,2.1,3.5
16/11/2019 00:00:00,106.3,118.8,222.7,61.2,276.5,34.7,28.1,45.8,3.2,96.9,333.7,218.8,449.1,11.6,18.1,196.6,223.7,244.2,79.9,340.7,8.1,75.2,23.9,88.4,137.9,1.5,2.2,24.3,2.5,6.3,1.6,2.2,3.6
17/11/2019 00:00:00,110.6,122.5,230.4,61.4,280.6,35.7,28.1,45.5,3.2,95.5,334.4,222,463.7,11.6,18.6,199.2,220.4,248.9,80.8,343,8.3,75.2,24.7,88.8,148.7,1.4,2.3,24.2,2.4,6.3,1.7,1.9,4
18/11/2019 00:00:00,111.8,125.2,225,62.2,283.1,36.9,29.9,47.3,3.3,96.3,330.9,219.1,459.1,11.6,18.6,198.1,220.9,247,80.7,340,8.2,77.2,24.1,86.2,153.4,1.3,2.4,24.1,2.2,6.2,1.6,2.1,3.8
19/11/2019 00:00:00,107.5,115.7,219.4,61.4,271.5,35.5,29.2,46.9,3.3,94.5,332.3,212.2,452.8,11.6,18.7,197.4,228,247.8,81.2,341.4,8.2,76.4,22.1,86,156.5,1.3,2.3,24.6,2.4,6.1,1.7,2.1,3.9
20/11/2019 00:00:00,111,118.4,218.2,64.2,278.8,35.7,29.1,45.8,3.2,97.5,334.5,210.7,448.9,11.6,18.2,197.4,229.3,249.9,80.9,340.8,8.7,78,20,85.5,143.7,1.1,2.1,24.7,2.3,6.2,1.6,2.1,3.9
21/11/2019 00:00:00,116.5,122.6,220.9,59.4,289.1,36,28,47.1,3.1,94.2,334.3,212.6,451.2,10.7,18.1,196.6,229.4,242.1,79.8,339.5,8.1,79.4,20.8,84.3,142.6,1.2,2.1,24,2.3,6.1,1.5,2,4.3
22/11/2019 00:00:00,116.9,114.9,215.3,57.5,288.7,33.7,25.2,43.2,2.8,91.9,327,199.5,439,10.7,18.2,192,224.4,230,73.9,313.3,7.5,78.2,20.1,81.3,133.5,1.1,2.1,23.4,2.6,6.1,1.9,2.2,4
23/11/2019 00:00:00,101.4,118.1,233.3,66.8,256.7,37.3,28.4,50,3.5,85.4,316.8,231.6,403.7,12.3,18.2,172.2,190.9,207.9,72.9,301.7,7.1,70.9,23.8,72,118.7,1.2,2,22.5,2.8,6,2,2,4.3
24/11/2019 00:00:00,105.8,123,236.5,67.1,257.5,37.8,29,49.4,3.6,86.6,323.4,236.3,420.1,12.3,18.1,174.8,193.1,212.3,73.2,309.9,7.4,72.1,24.2,73.7,126.9,1.3,2.1,23.2,2.5,6,2,2.1,3.4
25/11/2019 00:00:00,104.8,122.9,236.6,66.5,267,37.9,28,46.9,3.5,82.8,324.3,236.7,428,12.6,17.5,174.5,192.6,219.5,74.3,310.6,7.3,68.5,23.8,74.1,128.7,1.4,2.2,23.4,2.4,6.1,1.8,2.1,3.8
26/11/2019 00:00:00,102.9,111.5,227.5,67,246.1,37,27.5,46.7,3.5,89,328.1,213.6,431,11.9,18.3,174.2,194.7,223.2,74.8,313.9,7.4,69.8,23.9,83.9,129.3,1.4,2.2,23.9,2.7,6,1.8,2.2,3.9
27/11/2019 00:00:00,105.3,116.5,230.5,68.5,236.4,35.8,26.9,38.6,3.5,85.9,324.4,198.8,418.4,11.9,18.3,175.9,192.1,226.2,75.9,321.4,7.5,70.8,22.2,83.6,130.4,1.5,2.2,24,2.8,6.1,1.9,2.1,3.9
28/11/2019 00:00:00,103.6,118.4,233.4,64.9,246,35.6,28.3,42.8,3.5,70.7,320.9,210.3,413,11.9,18,178.1,189.8,226.8,76.1,315.8,7.5,66.3,19.5,68.2,124.7,1.3,2.2,23.4,2.5,6.3,1.9,2.1,3.8
29/11/2019 00:00:00,98.7,107.4,227.8,61.6,250.5,35.7,27.9,42.2,3.1,82.1,311.7,216.8,404,11.9,17.4,184.3,194.5,210.2,70.1,301,6.9,68.4,22.4,74.9,114.6,1.3,2,19.2,2.4,5.9,1.7,2,3.3
30/11/2019 00:00:00,203.3,194.8,269.8,136.7,449.6,46.2,29.3,47.7,6.3,92.4,398,221.9,459.6,11.9,17.4,181,165.1,187.2,65.8,327.3,8.7,96.9,27.3,94.2,186,1.2,2.3,30.5,2.3,6,1.7,2.3,4.8
01/12/2019 00:00:00,210.1,199.8,278,139.1,461.2,48.1,30.1,42,6.7,91.5,398,225.2,471.4,11.9,16.6,191,169.3,185.6,67.2,332,8.8,90.2,27.2,105.6,186.4,1.2,2.3,31.8,2.6,5.8,1.7,2.2,5.8
02/12/2019 00:00:00,185.6,176.2,265.9,135.2,403,38.4,29.2,41,6,92.2,368.3,221.2,463.4,11.9,16.5,197.3,169.2,179.2,64.6,337.6,9.2,87.6,24.6,102.9,184.3,1.4,2.2,35.1,2.5,5.9,1.6,2.2,6.2
03/12/2019 00:00:00,228.6,185.3,244.4,136.1,430.6,45.5,30.2,48.3,6.2,92.1,302.6,210.1,457.8,10.4,16,198.4,168.5,178.9,64.5,338.7,8.9,86.7,23.1,82.2,168.4,1.3,2.2,34.9,2.8,5.8,1.7,2.1,5.1
04/12/2019 00:00:00,256,203.2,257.8,134.7,453.9,53.2,30.8,48.9,6.5,92.8,328.7,211.2,460.8,11.5,16.9,198.7,169.8,190.3,69,339.2,8.8,108.2,26.8,92.3,190.8,1.3,2.2,31,2.7,6.1,1.7,2.2,5.4
05/12/2019 00:00:00,240.2,201.3,257.9,130.7,450.6,46.9,31.1,46.9,6.1,89.6,342.9,203.4,464,11.5,17.4,201.8,168.4,198.1,71.9,332.9,9.1,106.1,27.3,87.1,180.4,1.1,2.1,31.8,2.2,6.1,1.8,2.1,5
06/12/2019 00:00:00,237.6,165.9,223.1,117.9,413.3,42.7,27.8,46.8,5.7,86.9,325.4,191.1,455.8,11.5,17.3,197.6,166.4,192.8,69,330.6,8.5,110.7,26.4,77.4,177,0.9,2.2,30,2.5,5.8,1.8,2.3,5.1
08/12/2019 00:00:00,110.1,101.3,205.2,69.4,251.6,21.4,16.5,36.1,3,69.2,299.7,180.1,407.7,9.5,7.5,175.6,139.9,192.6,68.6,289.3,7.1,87.5,20.5,74.9,131.3,1.1,1.8,26.5,2.3,4.7,1.7,2.2,4.7
09/12/2019 00:00:00,116.2,110.5,204.7,67.7,217,23.5,20.1,40.4,3.2,72.9,305.2,173.9,392.5,10.6,7.8,180.6,142.8,199.4,72.5,303.8,7.7,68.2,20.3,76.9,120,1.3,1.9,27.1,2.4,4.7,1.7,2.3,4.2
10/12/2019 00:00:00,114.1,115.6,203.2,71.8,278,26.8,21,42.3,3.3,75.4,305.5,192.6,425.7,10.1,8,178.7,147.5,208.4,72.2,296.7,7,91.4,22.6,80.4,138.7,1.3,1.9,27.5,2.5,4.9,1.6,2.1,4.5
11/12/2019 00:00:00,123.5,121.8,203.5,73.1,312.5,28.6,21.4,43.2,3.4,75,301.9,196,421.3,9.9,7.9,180.5,150.8,214.7,72.7,296.1,7.2,97.8,23.6,80.4,140.3,1.4,2,21.6,2.5,4.7,1.5,2.1,4.6
12/12/2019 00:00:00,115,113.6,215.1,72.2,322,28.9,20.7,38.3,3.3,78.7,303.4,202,411.2,9.8,7.8,174.5,154.9,214.5,73.2,302.7,7.3,97.1,22.3,81.9,143.5,1.3,2.2,21.5,2.4,4.7,1.7,2.2,4.1
13/12/2019 00:00:00,121.2,120.4,219.7,72,339.7,30.1,21.9,43.2,3.4,79.4,306.3,202.9,405.5,10,7.5,181.9,156.8,209.5,71.9,303.5,7.6,100.6,23.2,81.2,145.2,1.2,2,22.2,2.3,5.1,1.6,2.1,4.2
14/12/2019 00:00:00,129.8,128.5,225.2,73.3,350.6,30.5,22.4,43.8,3.5,76.5,306.5,205.5,405.1,8.9,7.6,185.5,152.8,204.1,71.2,296.5,7.4,101.9,25.9,81.3,151.7,0.9,1.9,22.1,2.2,5.1,1.5,2.4,4.2
15/12/2019 00:00:00,130.1,131.9,243.3,68.5,290.4,37.5,28,50.4,3.9,73.7,329,267.4,457.1,9.5,17.1,180.7,192.4,231.5,73.8,304.3,7.5,77.5,25.9,80.6,119.7,1.9,2.2,22.1,2.5,6.6,1.6,2.3,3.4
16/12/2019 00:00:00,129.2,136.6,248.1,69.5,295.5,38.7,29.2,53,4,73.7,343.5,269.9,471.1,11.2,18.5,184.5,210.8,233.9,75.1,310,7.4,77.6,25.2,80,120.9,1.9,2.2,22.6,2.7,6.7,1.6,2.3,3.6
17/12/2019 00:00:00,134.2,137.8,249,68.8,288,38.6,28.8,51.8,3.9,78.7,341,271.4,476.8,11.9,18.7,186.4,216.8,237.7,76,311.9,7.7,77.1,24.9,77.8,123.3,1.8,2.2,22.7,3,6.6,1.8,2.2,3.5
18/12/2019 00:00:00,131.3,136.9,249,66.8,282.1,37.6,27.1,46.4,3.8,80.9,348.6,271.8,475.8,12,18.7,187.8,223,240.9,78.2,315.1,7.7,76.1,24.6,78.5,122.5,1.9,2.3,23.1,2.9,6.6,1.8,2.3,3.6
19/12/2019 00:00:00,131.4,136.8,248.1,66.8,273.9,37.2,27.2,48.3,3.7,82.6,348.7,271.4,474.7,11.3,18.5,189,225.7,244.6,77.6,324,7.8,75.6,23,73.6,121.7,2,2.2,23.6,2.7,6.7,1.6,2.2,3.8
20/12/2019 00:00:00,132.6,136.2,249.3,62.6,278.7,36.7,26.6,48.1,3.5,83.8,347,269.4,474.5,9.9,18.4,189.7,236.2,242,78.5,307.8,7.6,74.8,23.5,71.2,120.6,2,2.3,22.8,2.7,6.6,1.6,2.3,3.6
21/12/2019 00:00:00,126.9,129.1,245.5,61.1,286.6,34.3,25.2,48.8,3.2,83.8,335,265.3,461.2,9.3,18,189.7,235.6,225.3,71.9,296.6,6.8,77.4,23.5,71.1,115.9,1.7,2.2,21.4,2.8,6.5,1.6,2.3,3.4
22/12/2019 00:00:00,110.7,118.4,222.6,62.8,244.7,34.7,29.4,46,3.6,73.5,328.8,253.5,442.9,12.3,18.6,155.9,182.7,184.5,70.6,258,6.9,67.6,24.4,75.1,110.4,1.7,2.1,21.3,2.5,6.2,1.8,2.1,3.4
23/12/2019 00:00:00,114.1,122.1,228.8,62.9,249.2,36.1,29.7,47.2,3.5,74.4,335.5,256,454,12.8,19,159.7,187.2,188,71.5,274.8,7.2,70.3,24.5,76.7,114.3,1.8,2.1,20,2.5,6,1.7,2.1,3.4
24/12/2019 00:00:00,110.8,121,229.9,65.4,253.4,36.4,30.3,46.9,3.7,76.2,332.2,257.5,455.5,12.8,19,163,192.7,196.1,72.5,278.4,7.1,67.9,24.8,76.5,113.5,1.8,2.3,21.1,2.6,6.3,1.7,2.2,3.4
25/12/2019 00:00:00,97.8,111.3,211.8,64.8,239.8,36.5,31.2,45.9,4.1,76.9,325.9,243.8,451.3,12.4,19,160.7,197.3,196.6,72.6,287.5,6.5,69.1,24.5,76.4,114.3,1.8,2.1,18.9,2.7,6,1.7,2.2,3.2
26/12/2019 00:00:00,94.7,95.7,202.2,66.8,186.8,29.5,29.2,38.9,4.3,75.8,319.3,211,438.7,12.6,18.8,159.3,199.6,204.2,72.4,283.2,7.3,53.8,24,76.2,113.2,1.8,2.1,19,2.6,6,1.7,2.1,3.3
27/12/2019 00:00:00,103.7,110.4,211.4,63.8,229.9,33.4,29.3,44.2,3.8,75.8,317.1,228.5,435.7,12.2,18.6,156.6,200.1,197.7,70.4,256.1,6.8,54.9,23.2,79.8,112,1.7,2,20.1,2.6,5.8,2,2.1,3.4
28/12/2019 00:00:00,97.2,101.7,212.7,62,234.2,32.7,27.6,47.7,3.4,74.2,299.5,220.9,422.9,11.4,18.2,154.2,199.6,178.7,63.4,223.8,6.1,63.9,21.8,75.8,108.3,1.6,2,19.7,2.5,6,1.7,2.1,3.4
29/12/2019 00:00:00,237.2,214.1,232.7,128.5,421.3,42,29.9,40,6.4,78.9,284.7,174.7,395.1,11,18.6,181.9,200.5,187,67.1,318.2,8.3,113,25.3,95.7,166.9,1,2,34.2,2.4,5.3,1.7,2.1,4.9
30/12/2019 00:00:00,251.9,220.1,246.5,126.9,437.4,43.3,31.6,42.8,6.4,83.8,278.2,180.4,395.6,11.8,18.7,186.9,205.9,191.6,64.5,329.9,8.8,103.6,23.6,99.2,173.9,1.1,2.3,35,2.4,5.6,1.8,2.1,4.9
31/12/2019 00:00:00,255,223.2,253.5,134.9,424,44.3,31.6,42.9,6.7,86.5,277.2,179.5,400.3,11.8,18.7,186.6,206.8,189.5,58.9,313.2,7.9,109.1,25.5,98.5,174.3,1,2.2,34.7,2.5,5.7,1.7,2.2,5
01/01/2020 00:00:00,264.6,222.6,253,137.2,426.5,42.1,31.7,44.9,6.7,84.7,267.2,167.9,377.8,11.8,18.5,183,199.1,194.7,61.2,289.2,7.4,106.4,23.4,96.5,162.9,1,2.1,34.1,2.4,5.5,1.8,2.2,4.8
02/01/2020 00:00:00,259.7,224.4,247.4,132.6,393,42.9,30.6,41.3,6.4,85.4,282.3,162.6,383.5,11.9,18.4,184.5,199.1,193.9,65.2,291.4,7.3,102.7,24.9,98.9,160.9,0.9,2.2,32.3,2.5,5.6,1.2,2.3,4.7
03/01/2020 00:00:00,259,218.5,243.3,125.3,390.4,41.3,31,42.2,6,89.1,287.7,162.8,390.7,11.8,18.4,180.5,199.8,190.9,67.2,288.8,7.4,104.2,25.8,100.1,166.7,1,2.2,31.5,2.4,5.7,1.8,2.5,4.8
04/01/2020 00:00:00,248.8,200.9,237.1,116.2,393.1,38.5,28.7,39.7,5.5,93.9,280.1,166.2,382.4,11.8,18.2,175.6,189.3,185.5,63.1,262.3,6.8,108.6,26.2,102.8,164.9,0.7,2.1,30.8,2.5,5.5,1.7,2.2,4.8
05/01/2020 00:00:00,92.2,89.9,198.2,58,230.7,31.1,26.4,48.8,3.3,82.7,323.8,223.3,487.6,10.3,18.6,187.7,220.8,253.3,80.3,328.5,7.7,67.3,23.6,73.1,100,1.3,2.2,22.6,2.6,5.7,1.6,2.1,3.9
13/01/2020 00:00:00,69.5,69.1,173.4,45.6,223.1,24.3,19.7,47.9,2.8,69.6,253.8,195.8,430.1,8.8,12.5,189.2,222.6,248.6,81.1,326.4,7.1,66.1,23.9,72.4,101.1,1.1,2.1,20.7,2.5,5.4,1.6,2,3.4
14/01/2020 00:00:00,78.1,77.1,170.6,53.3,205.3,26.8,23.4,46.2,3.3,72.7,286.4,194.5,465.5,10.1,14.1,192.3,234.2,255.2,82.6,333.6,7.9,65.6,22.8,74.9,114.5,1.4,2,21.4,2.6,5.5,1.7,2.4,3.5
15/01/2020 00:00:00,91.1,92.6,193,58.8,214,30,24.3,41.4,3.3,81.3,323.3,202.6,482.4,10.4,17.9,197.4,235.4,257.9,82.9,340.6,8.4,69.3,22.2,75.8,123.8,1.4,2,23.3,2.6,5.4,1.7,2.1,3.8
16/01/2020 00:00:00,92.5,100.7,206.4,61.1,207,33.2,23.8,44.4,3.3,77.5,331.2,203.6,482.7,10.3,18.6,200,233.4,259.2,82.5,341.5,8.3,66.9,23.3,76.4,132.2,1.4,2.1,23.6,2.7,5.4,1.7,2.2,4
17/01/2020 00:00:00,96,103.4,209.3,58.3,213.3,32.8,25.5,48.8,3.4,77.6,333.1,199.1,476.3,9.9,18.6,198.5,235.9,253.5,81.6,339.2,8.2,52.5,18.1,78.1,129,1.4,2.2,22.8,2.7,5.3,1.7,2.2,3.9
18/01/2020 00:00:00,89.2,95.8,205.8,54.9,214.4,31.3,22.7,46.2,3,80.5,321,200.1,466.7,9.6,18.4,196.1,234.4,239,75.6,311.7,7.6,66.8,21,75.4,113.1,1.2,2.2,22.3,2.4,5.8,1.7,2.1,3.9
19/01/2020 00:00:00,291.7,214.9,218.1,130.2,368.4,43.9,28.1,44.1,6.5,82.5,331.7,160.3,392.3,11.6,18.2,182.5,155.9,188.5,69.2,336.8,8.9,78.9,23.5,84,164.1,1,2.5,27.6,2.3,5.6,1.7,2.3,4.5
20/01/2020 00:00:00,268.9,207.9,225.8,113.4,325.6,41.9,28.2,40.8,6,83.4,340.4,165.3,402.8,11.6,18.6,188.4,164.2,195.2,68.6,338.4,8.3,69.9,23.2,85.1,170.8,1.3,2.3,28.7,2.5,6,1.8,2.3,4.6
21/01/2020 00:00:00,262.6,210.1,239.7,127.8,318.3,43.9,29.8,42,5.9,87.3,344.5,174.2,403.7,11.6,18.7,185.9,166.6,188.8,66.1,327.8,8.2,76.5,22.8,89.5,168.6,1.1,2.2,27.1,2.6,6.4,1.7,2.2,4.6
22/01/2020 00:00:00,244.6,214.6,242.6,135.5,313.4,40.3,29,42.4,5.5,91.8,354.4,180.9,403.8,11.6,18.7,187.1,163.8,190,67.2,327.2,8.1,59.2,22.6,88.3,164.9,1.2,2.3,27.2,2.4,5.3,1.7,2.2,4.5
23/01/2020 00:00:00,234.5,212.3,249.6,137.8,339.7,41.1,29.8,43.5,5.4,96,362.9,189.1,407.6,11.6,18.6,189,169.9,196.5,70.1,334.7,8.2,69.9,23.9,89.7,152.9,1.1,2.2,26.5,2.3,6.3,1.4,2.3,3.6
24/01/2020 00:00:00,215,207.1,252.4,132.5,363.5,38,27,40.1,4.7,99.2,364.6,194.2,415,11.6,18.6,184.1,166.9,196.1,72.2,322.9,7.6,70.2,25.2,90.6,169.5,1,2.1,28.1,2.4,5.7,1.8,2.2,4.1
25/01/2020 00:00:00,174.4,192.3,247.6,125.5,370.5,34.4,25.3,40.7,3.7,102.8,346.8,193.3,404.8,11.6,18.4,171.8,170.2,182.3,65.6,294.6,6.9,71.2,25.2,92.4,169.2,0.8,2,25.9,2.4,5.3,1.6,2.1,4.1
26/01/2020 00:00:00,119,116.7,197.5,85.6,316.2,34.6,25.4,41.3,3.7,102.8,378,197.6,497.4,12,18.7,191.4,204,235.1,85.7,349.6,8.6,79.5,18.7,85.9,138.4,1.3,2,21.3,2.6,5.9,1.7,2,3.2
27/01/2020 00:00:00,126.8,126.8,211.3,86.9,331.6,37,26.2,43.9,3.7,101.7,379.7,210.4,499.9,13.7,18.9,194.1,206.7,228.9,84.8,359.6,8.8,70.9,20.9,83.2,133.3,1,2.1,22.3,2.6,5.7,1.6,2,3
28/01/2020 00:00:00,125.9,129.4,215.1,91,340.6,37.9,25.3,41,4,100.4,379.9,212.3,500.8,13.7,19,195.9,205.5,233.5,84,362.8,8.9,75,22.5,89,135.1,1.3,2.1,24.3,2.1,6.1,1.5,2,3
29/01/2020 00:00:00,126.3,131.2,215.6,94.4,345.6,31.3,25.2,45.9,4,100.5,386.5,212.8,502.7,11.8,19,175,192.6,234.8,86.4,362.1,8.9,85.6,22.9,89.5,165.8,0.8,2.2,24.8,2.7,6.3,1.8,2.2,3.6
30/01/2020 00:00:00,126.1,127.1,210.6,94.8,347,37.8,26.7,42.8,4,100.5,389.4,211.5,501.4,11.8,18.8,192,190.1,239.3,87.3,365.4,8.9,89.7,23.9,89.3,171.8,1.2,2.3,25.4,2.6,6.4,1.9,2.3,4.7
31/01/2020 00:00:00,123.5,126.3,216.6,90,347.1,38.9,26.8,42.2,3.7,101.6,383.1,213.7,489.9,11.8,18.7,191,187.4,237.8,88.6,361.5,8.9,90.8,20.7,91.4,171,1.1,2.2,27.8,2.6,5.5,2,2.2,4.7
01/02/2020 00:00:00,114.7,116.6,213,85.5,340.1,35.7,24.8,44.2,3.4,102.5,369,211.1,468.4,11.8,18.3,192.4,198.2,223.6,83.3,332.8,8.1,85.3,24.3,93.6,164.5,1.1,2,23.6,2.5,5.4,1.7,2.1,3.9
02/02/2020 00:00:00,148.4,147.8,182.5,82.5,322.2,36.3,26.7,38.8,4.1,82.8,299.3,172,408.9,12,16.7,158.5,176,136.3,66.3,268.8,6.8,94.4,23.2,79.7,128.2,0.5,2.3,25.1,2.5,5.1,1.7,2.3,3.8
03/02/2020 00:00:00,133.1,135.6,184.7,73.1,311.2,32.2,22.4,35.2,3.5,79.6,281.6,167.8,371.3,11.2,14.6,154.8,164,137.1,68.7,288.2,7.8,86.3,20.5,77.2,120.5,0.3,2,22,2.3,5.1,1.7,2.1,4.5
04/02/2020 00:00:00,148.4,148.9,193.7,82.8,325.9,35.4,25.9,39.9,4,83.7,307.2,173.2,401.5,11.2,16.6,158.4,166.7,145.7,72.1,312.9,8.2,81.3,20.9,76.7,118.3,0.4,2,23.5,2.4,5.2,1.6,2.1,4.2
05/02/2020 00:00:00,154.6,155.6,197.7,83.2,332.7,35.4,27.2,39.9,4.1,87.5,327.4,178.6,418.3,11.2,17.7,159.6,168.6,153.5,71.7,318.7,8.2,91.3,23.2,78.3,128.2,0.6,2.2,26.1,2.5,5.6,1.8,2.2,3.8
13/02/2020 00:00:00,155.3,158.2,201.4,84.9,329.4,34.9,27.8,40.6,4.1,88.3,329.8,180.5,414.9,12.7,17.7,159.1,165.9,156.5,70.2,323.6,8.4,93,23.8,90.7,140.5,0.6,2.6,29.1,2.3,5.6,1.8,2.2,4.1
14/02/2020 00:00:00,152.6,157.5,202.7,82.5,323.1,35.8,27.6,40,4,86.9,333.3,178.8,420.2,12.8,17.7,160.6,160.2,155.1,68.6,320.9,8.3,93.6,22.2,86.2,141.4,0.7,2.4,27.6,2.2,5.7,1.7,1.9,4.4
15/02/2020 00:00:00,140.8,146,202.3,80.2,316.4,33.4,25.6,38.6,3.2,87.7,320.9,178.2,413.6,12.8,17.6,162.2,163.9,147.2,62.8,284.9,7.6,92,24.3,87.6,139.1,0.5,2.2,28,2.6,5.7,1.7,2.1,4.3
16/02/2020 00:00:00,108.1,123.5,239.9,71,274.4,38.4,29.9,45.8,3.6,79.1,320.3,253.2,409,8.8,17.3,163.5,179.9,207.6,63.2,285,7.5,71.7,23,71.6,117.9,1.3,2,23,2.8,6.4,1.7,2,3.5
17/02/2020 00:00:00,112.7,131.5,242.1,68.7,289.2,39.7,30.1,51.3,4.1,79,323.3,256,415.4,9.1,17.5,163.3,182,207.5,59.8,296.5,7.2,74.6,24.6,70.4,112.6,1.4,2.4,22.1,2.9,6.4,1.7,2.1,3.4
18/02/2020 00:00:00,113.5,131,243.4,71.1,289.2,39.6,30.3,51.3,3.9,80,322.5,257,415.3,8.9,17.4,161.2,180.5,206,59.9,296.1,7.4,74.9,24.4,68.9,108.2,1.4,2.1,21.8,2.8,6.7,1.7,2,3.6
19/02/2020 00:00:00,113.8,129.9,238.3,71,292.5,40.7,30.6,52.3,3.8,84.2,324.8,257.9,414.9,9,17.7,164.6,182.2,213.3,64.4,293.2,7.6,78.6,24.8,68.3,114.2,1.4,2.1,22.5,2.9,6.6,1.5,2.1,4.1
20/02/2020 00:00:00,115,131.2,244,71.4,293.3,40.5,30.4,53,3.9,81.3,329.5,258.1,410.9,9.5,17.5,165,183.5,219,66.2,295.2,7.6,77.4,24.4,70.8,115.4,1.4,2.4,23,2.9,6.3,1.8,2.2,4.2
21/02/2020 00:00:00,112.8,130.2,234.2,67.7,291.9,39.4,29.9,54.2,3.6,79.3,327.3,259,412.5,9.4,17.5,162.8,179.3,215.2,67,290.2,7.9,74.4,24.6,71.2,114.2,1.4,2.2,23.8,3,6.4,1.9,2.3,4
22/02/2020 00:00:00,107.4,116.6,233.9,65.4,285.5,35.6,27.3,54.2,3.2,81.8,315.6,253.7,401.3,9.5,17.3,161.7,178.7,201.9,60.3,275.1,7.3,75.7,24.8,68.3,104.1,1.4,2.2,23.4,2.7,6.3,1.9,2.1,3.8
23/02/2020 00:00:00,150.1,156.6,223.1,106.7,380.9,48.5,26.7,46.4,4.9,96.3,373.2,208.7,497.2,10.7,18.4,196.6,169.7,236.2,84.4,349.6,8.9,88.1,25.3,66.7,164,1.2,1.9,23,2.3,5.6,1.7,2,4.6
24/02/2020 00:00:00,156.9,165.3,230.6,110.7,395.5,43,27.4,45,4.9,95.4,379.4,209.7,504.1,10.7,18.5,196.5,174.8,226.9,86.1,343.7,8.7,92.8,26.7,74,183.5,1.1,1.9,23.9,2.4,5,1.8,2,4.9
25/02/2020 00:00:00,169.9,169.2,239.3,114.5,408.6,43.6,28.4,45.8,5.1,95.2,373.5,210.6,501.8,10.7,18.5,195.6,174.5,220.8,84,330.9,8.4,98.6,26.7,80.3,194.5,1.1,2.1,24.5,2.6,5.3,1.6,2.3,4.5
26/02/2020 00:00:00,168.9,170.7,242,117.1,419.6,43.8,28,47.2,5.4,97,376.2,213.5,496.2,10.7,18.3,201.7,172.5,228.3,83.1,332.9,8.1,100.3,27.5,82.2,194.6,1.4,2.2,23.1,2.6,5.5,1.6,2.3,4.9
27/02/2020 00:00:00,152.1,162.2,241.7,117.5,432.3,42.1,28.5,46.4,5.3,95.4,374.2,217.3,492.4,10.7,18.1,205,175,236.2,83.6,342.2,8.7,105.7,27.4,83.3,198.5,1.3,2.1,23.4,2.5,5.7,1.8,2.1,5.1
28/02/2020 00:00:00,152,162,227.1,110.5,424.5,43,28.6,43.4,4.7,95,370.7,213.2,491.6,10.7,18.2,199.1,167,232.3,84.6,352.7,8.9,106.1,26.8,87.7,191.8,1.3,2.2,24.4,2.5,5.2,1.6,2.3,5.1
29/02/2020 00:00:00,162.4,158.8,205,99.6,414.8,40.7,25.8,46.5,4.7,94.1,364.2,206.1,479.3,11.2,17.9,194.3,154.8,214.9,78.8,326.3,8.5,105.7,28.9,83.5,176.8,0.9,1.8,23.3,2.6,4.9,1.7,2,4.4
01/03/2020 00:00:00,108.2,125.7,240.7,73.8,294,40.4,30.8,52,4.6,75.2,318.9,238.3,422.9,12.7,18.6,161.9,201,213.2,73.7,290.7,7.2,80.1,24.6,64.2,106.4,2,2.1,22.6,2.6,6.3,1.8,2.2,3.3
02/03/2020 00:00:00,112,124.7,242.6,74.5,292.3,40.3,31.3,49.9,4.7,75.8,324.5,242.4,437.2,11,18.9,161.3,209.3,215.4,74.4,291.7,7.4,79.7,24.2,66,109.1,2.1,2.2,22.4,2.6,6.4,1.7,2.2,3.5
03/03/2020 00:00:00,112.6,120.2,239,74.7,269.2,40.1,27.9,51.9,4.7,74.2,320.9,227.7,436.9,10.4,18.9,166.8,209.4,216.7,66.7,298.3,6.9,79.5,25.6,64.6,106.8,2.1,2.1,22,2.6,6.5,1.8,2.2,3.9
04/03/2020 00:00:00,113.5,126.5,231.5,77.5,276.6,38,28.8,53.8,4.7,69.7,317.8,231.1,428.4,13.5,19,168.6,212.1,225.6,73,298.3,6.4,70.5,23.9,65.2,109.6,2,2.2,23,2.7,6.4,1.8,2.3,3.4
05/03/2020 00:00:00,113,129.7,243.4,79.7,295.1,40.1,30.2,53.2,4.6,67.7,313.9,236.6,427,13.4,17.6,171.5,210.3,226.8,73.4,298.5,7.3,80.2,24.4,65.4,110.9,2,2.2,22.4,2.7,6.5,1.6,2.2,4.1
13/03/2020 00:00:00,111.8,128.5,237.6,72.7,288.3,40.7,30.3,52.5,4.4,72.9,327.6,239.8,434.1,13.6,18.6,171.3,212.3,222.3,70.9,298.1,7.2,79.9,24.6,65.2,110,2,2.4,23.1,2.7,6.3,1.6,2.4,3.6
14/03/2020 00:00:00,103.6,114.1,240.4,69.3,288,37.2,28.4,47.6,4,74.7,326.9,243.1,425.1,12.2,18.8,170.8,210.1,207.3,63.2,279.3,6.7,82.1,24,65,103.3,1.7,2.3,21.6,2.6,6.4,1.5,2.3,3.5
15/03/2020 00:00:00,284.4,205.8,220.9,126.4,403,45.1,29.9,41.9,6.5,81.1,322.7,157.7,386.3,10,18.6,169.3,152.5,191.5,72.8,347.2,9.5,107.8,23.4,81,177.9,1.2,2.2,34,2.6,5.8,2,2.2,5.6
16/03/2020 00:00:00,271.4,210.4,218.1,122.3,364.9,44.2,29.9,41,6,77.9,321.8,154.9,382.6,10,18.6,179.4,150.4,183.5,72.7,336.3,9.5,101.6,22.6,79.7,161.8,1,2.1,30.9,2.3,5.6,1.7,2,5.2
17/03/2020 00:00:00,270,199.5,201.3,119.6,377.9,42.2,25,43,5.6,79,305.1,157.1,367.1,10.5,17.3,175.1,147.3,172.9,65.4,317.2,8.7,83.7,21.5,80.6,144.9,0.8,2.2,26.8,2.4,5.9,1.4,2.1,4.3
18/03/2020 00:00:00,291.7,214.9,218.1,130.2,368.4,43.9,28.1,44.1,6.5,82.5,331.7,160.3,392.3,11.6,18.2,182.5,155.9,188.5,69.2,336.8,8.9,78.9,23.5,84,164.1,1,2.5,27.6,2.3,5.6,1.7,2.3,4.5
19/03/2020 00:00:00,268.9,207.9,225.8,113.4,325.6,41.9,28.2,40.8,6,83.4,340.4,165.3,402.8,11.6,18.6,188.4,164.2,195.2,68.6,338.4,8.3,69.9,23.2,85.1,170.8,1.3,2.3,28.7,2.5,6,1.8,2.3,4.6
20/03/2020 00:00:00,262.6,210.1,239.7,127.8,318.3,43.9,29.8,42,5.9,87.3,344.5,174.2,403.7,11.6,18.7,185.9,166.6,188.8,66.1,327.8,8.2,76.5,22.8,89.5,168.6,1.1,2.2,27.1,2.6,6.4,1.7,2.2,4.6
21/03/2020 00:00:00,244.6,214.6,242.6,135.5,313.4,40.3,29,42.4,5.5,91.8,354.4,180.9,403.8,11.6,18.7,187.1,163.8,190,67.2,327.2,8.1,59.2,22.6,88.3,164.9,1.2,2.3,27.2,2.4,5.3,1.7,2.2,4.5
22/03/2020 00:00:00,73.9,74.2,146.2,44.3,236.8,18.4,11.9,40.7,2.2,70.5,231.4,164.4,376.6,6.8,1.8,162,188.2,214.5,65.5,245.5,4.4,74.6,22.7,69.1,140.1,1,1.5,19.1,2.3,3.5,1.5,2.1,3.4
23/03/2020 00:00:00,75.8,75.8,149.5,45.8,241.4,18.5,12.4,40.6,2.2,73.8,240.2,166.2,377.2,7.4,1.9,164.1,179.5,199.8,64.7,247,4.5,73.4,22.7,71.4,134.7,1.3,1.5,20.4,2.4,3.6,1.5,2.1,4
24/03/2020 00:00:00,69.6,73.2,148.6,47.6,249,19.1,12.6,43.4,2.3,74.2,242.8,169,381.2,7.3,1.9,160.3,164.2,182,62.8,235.1,4.6,76.5,22.9,69.4,139.9,1.4,1.5,20.3,2.3,3.5,1.5,2,4
25/03/2020 00:00:00,72.4,70.3,150.1,46.1,248,19.5,13.3,42.9,2.3,72.4,241.1,168.2,378.2,7.2,2,155.6,165.4,187.8,63.8,237.5,4.7,79.1,20.5,63.8,136.4,1.2,2.1,20.1,2.2,3.6,1.6,2.1,4.5
26/03/2020 00:00:00,74,73.8,150.6,47.5,252.4,19.7,13.1,41.2,2.3,77.2,243.8,171.8,383.2,7.2,2,130.6,167.8,186.6,64.2,224.4,4.6,82.8,21,63,124.2,1,2,18.2,2.8,3.3,1.6,2.2,3.4
27/03/2020 00:00:00,75.9,76.7,155.5,48.4,260.3,20.3,13.2,41.7,2.3,75.1,246,174,383.1,6.6,2.1,139.7,165.5,184.1,62.9,207.8,4.6,83.2,22.3,69.4,137.3,1.1,1.4,12.2,2.1,3.7,1.5,2.1,3.8
28/03/2020 00:00:00,77.7,79.3,158.3,50.1,265.9,20.1,13,43.7,2.3,76,247.4,176.4,387.1,6.9,2.2,148.7,168.9,197.1,66.8,222.7,4.7,84.4,22.6,70.5,142.5,1.2,1.7,17.5,2.1,3.7,1.5,2.1,3.9
29/03/2020 00:00:00,106.4,115.6,212.7,66.3,274.4,32.6,26.4,43.6,3.5,75.7,284.8,189.7,388.4,12.1,17.7,164,156.4,159.9,66.9,264.6,6.9,79.4,23.6,78.9,125,1,2.1,24.3,2.5,5.8,1.6,2.3,4.1
30/03/2020 00:00:00,106.4,118,215.9,66.4,270.5,34.4,27.2,43.3,3.5,75,289.3,196.9,395.1,12.7,17.6,167.9,159.5,165.2,69.4,283.1,7.1,75.1,24,75.9,128.1,1.2,2,25.4,2.6,5.8,1.6,2.3,4
31/03/2020 00:00:00,106.7,119.6,218.6,67.6,272.9,34.2,27.9,40.1,3.5,75.9,293.8,203.4,400.2,12.7,18,173.5,162.4,171.6,71,295.3,7,74,24,74.4,125.3,1.3,2.2,24.5,2.5,6,1.7,2.1,4.1
01/04/2020 00:00:00,95.3,112.8,207.9,65.5,265.5,34.8,26.5,17.8,3.5,74.8,285.2,199.3,397.7,12.7,18.1,173.5,159.2,171.4,70.7,295,7.2,74.4,23.7,71.2,118.6,1.1,2,24.9,2.5,5.7,1.7,2,4.2
02/04/2020 00:00:00,99,114.7,210.7,64.9,265.7,34,27.2,18.9,3.4,73.8,285.4,196.2,387.1,12.6,17.9,171,161.8,168.5,71.5,289.9,7.6,74.6,23.9,66.3,117.2,1.3,2.1,24.8,2.4,6,2,2.2,3.8
03/04/2020 00:00:00,101.7,114.3,215.6,61.4,270.7,34.5,27.4,24.5,3.3,70.9,292.8,202.3,389,12.2,17.9,164.9,157.3,166.9,69.6,281.2,7.6,75.7,23.4,60.4,99.6,1.3,2,24.2,2.3,6.4,2.1,2.2,3.4
04/04/2020 00:00:00,94.2,102.6,211.3,59.6,260.4,31.5,25.9,31.3,3,72.5,287.8,204.4,378.3,12.2,17.5,165.1,155.8,155.8,62.4,262.4,7,75.8,23.4,72,91.1,1,2,22.5,2.3,6.3,1.6,2,2.8
05/04/2020 00:00:00,99.2,107.6,225.1,62,247.7,33.6,27.7,48.5,3.1,89.5,317.1,210.6,435,11.1,17.9,190,220.9,237.1,76.4,334.5,8,67.6,22.8,88.8,119.2,1.6,2.2,23.6,2.5,6.5,1.6,2.1,3.4
13/04/2020 00:00:00,102.9,116.5,225.9,63.2,252.8,34.6,28.2,48.4,3,93.2,327,216.8,443,11.1,18.1,192.6,225.7,239.4,78.9,343.9,8.5,71.9,23.7,81.4,120.3,1.5,2.3,21.5,2.6,6.4,1.8,2.2,3.2
14/04/2020 00:00:00,107.7,121.2,226,63.8,258.1,35.8,29.3,46.9,3.3,93,330.1,218.2,441.4,11.1,18.4,193,218.5,242.5,79.2,344.3,8,71.4,23.5,79,121.8,1.6,2.2,21.1,2.6,6.4,1.7,2,3.2
15/04/2020 00:00:00,112.8,125.1,233,63.3,262.7,36.4,28.2,46,3.1,94.4,336.8,219.5,443,11.1,18.4,201,218.7,240.4,79.5,347.7,8.4,73.1,23.9,78.6,123.3,1.4,2.4,22.4,2.5,6.6,1.8,1.9,3.4
16/04/2020 00:00:00,114.1,125.6,228.5,64,269.8,36.8,28.7,47.9,3.3,95,337.4,219.1,439.5,12.1,18.4,199.4,223.4,243.4,80.4,349,7.8,71.7,23.5,80.9,126.7,1.4,2.4,22.8,2.5,6.7,1.7,1.9,3.3
17/04/2020 00:00:00,111.7,124.3,227.1,59.8,267.3,35.7,28,46.4,3.1,92.2,332.8,216.5,442.2,9.9,18.2,197.4,215.9,244,78.3,344.7,7.2,70.8,23.6,85.1,129,1.4,2.3,22.5,2.4,6.6,1.6,1.9,3.2
18/04/2020 00:00:00,112.3,116.8,217.2,58.1,273.1,33.4,25.1,45.3,2.8,94,325.8,217.7,429.6,9.5,17.9,195,220.5,231.5,72.3,319.5,7.4,73.3,23.6,83.3,121.8,1.2,2.4,22.5,2.4,6.3,1.4,1.8,3.2
19/04/2020 00:00:00,102.8,123.4,229.6,69.1,268,38.1,29,49.6,3.7,81.3,326.3,237.7,408.3,10.8,18.2,164,174,213.1,71.1,296.5,7,73.5,22.8,74.2,123.7,1.4,2.2,23.6,2.9,6.2,2.1,2.1,3.6
20/04/2020 00:00:00,105.2,126.5,239.7,69.4,274.7,38.7,30.4,50.8,3.7,82.3,332.1,239.3,421.6,11.7,18.4,166.7,180,218.6,73.6,303.4,7.2,74.3,23.6,72.9,129.7,1.4,2.3,23.4,2.8,6.3,1.9,2.2,3.7
21/04/2020 00:00:00,105.8,125.3,234.3,69.1,259.3,39.8,29.7,51,3.6,81,327.1,236.5,424.1,12.3,18.3,165.9,183.6,223.4,74.5,310.3,7.3,75,23.7,74.8,132.3,1.5,2.2,23.7,2.9,6.2,1.8,2.2,3.9
22/04/2020 00:00:00,92.4,129.7,226.4,68.7,221.2,37.1,26.2,29.2,3.6,83.4,320.1,213.7,414.1,12.3,18.5,169.2,187.4,223.3,74.9,311.4,7.4,73.4,23.6,73.6,129.6,1.4,2.2,23.9,2.9,6.2,2,2.1,3.8
23/04/2020 00:00:00,100.2,115,234.3,70,231,33.6,26.2,35.9,3.7,83,320.1,226.3,400,12.3,18.3,172.9,188.7,229.9,74.8,318.9,7.6,55.7,20.8,74.9,131,1.3,2.3,23.6,2.5,6.4,1.8,2.2,3.7
24/04/2020 00:00:00,104.3,120,229.4,65.8,248,39.2,28.6,42.8,3.4,80.7,314.9,230.6,389.6,12.3,18.1,172.6,185.4,215.2,73.4,313.6,7.4,55,20,72.4,124,1.3,2.1,23.2,2.8,6.1,1.8,2.1,3.8
25/04/2020 00:00:00,97.3,111.6,227.8,63.1,252.2,36.4,27.6,46.4,3.2,82,301,231,381.5,12.3,18,167.2,182.5,205.1,66.6,291,6.7,70.3,22.1,72.1,111.6,1.1,2,22.1,2.8,6.2,1.7,2.1,3.8
26/04/2020 00:00:00,181.3,189.3,261.8,135.5,412.6,45.8,30.3,42.6,6.5,85.5,390.7,216.9,500.4,12.3,17.6,174.6,154.4,175.5,79.6,328.4,9,93.8,19.6,80.5,152.9,1.2,2.2,28.3,2.4,5.9,1.8,2.1,4
27/04/2020 00:00:00,162.6,184.2,268.1,131.8,444.2,46.6,28.1,42.4,5.2,90.6,394.8,223,495.4,12.3,17.6,183.4,154.8,197.4,82.5,343.5,9.1,104.1,24.8,88.1,167.4,1.1,2.2,26.6,2.5,5.8,1.9,2.1,4.5
28/04/2020 00:00:00,186.4,189.4,271.3,131.2,471.8,47.5,30.4,47.6,5.9,92.1,387.9,227.5,492.8,12,17.5,193.4,168.2,199.3,75.9,324.2,8.8,109.2,26.7,89.1,155,1.1,2.1,29.9,2.8,6,1.7,2.1,5.3
29/04/2020 00:00:00,198.8,185.1,270.4,134.4,431.1,42.1,29,47.5,5.7,89.6,395,227.6,494.2,11.9,17.6,184.1,160.9,175.5,77.8,331.6,9,104.2,27.5,81.3,155.6,1.2,2.1,31.2,2.7,6,1.7,2.2,5.1
30/04/2020 00:00:00,186,183.5,275.2,129.2,381.6,41.9,30.6,47.9,5.7,85.1,400.8,223.5,485.7,11.9,17.5,187.5,159.9,179.1,79.1,339.9,9.2,104.5,25.8,89.4,160.6,1.2,2,30.3,2.4,5.8,1.8,2.1,5
01/05/2020 00:00:00,190.3,187.4,271,129,433.9,46.1,30.1,47.5,5.7,85.6,398.1,219.8,472.7,11.9,17.4,187.2,144,180.8,78.7,337.3,9.2,107.1,26.8,88,166.4,1.2,2,31.1,2.3,5.9,1.7,2.1,4.9
02/05/2020 00:00:00,188.4,179.9,264.9,123.8,443.4,42.7,26.8,46,6.1,90,387.1,219.9,461.6,11.9,17.1,189.7,156,173.7,65.8,312,8.2,105.8,27,91.6,174.5,1,2.2,29.3,2.2,6,1.6,2.3,4.6
03/05/2020 00:00:00,88.2,89.5,187.7,64.8,282.8,21.2,16.1,37.8,2.9,77.3,289.9,191,414.1,9.4,6,163.9,141.8,184,69.1,250,5.8,81.8,23.7,78.2,103.2,1,1.3,21.4,2.3,4,1.5,2.1,3.9
04/05/2020 00:00:00,91.2,91,171.6,61.2,280,22.3,17.6,38.7,3,72.1,294.1,178.5,416.5,10.5,6.7,167.5,144.6,195.8,74,263.3,6.4,84.7,23.5,76.2,120.1,1.3,1.4,24.6,2.5,4.3,1.5,2.1,3.6
05/05/2020 00:00:00,100.5,108.2,185.3,65.8,260.8,25.3,18.4,40.7,3.2,70.8,294.8,174.6,421.3,10.6,7.3,170.6,146.9,204.2,72.4,271.8,6.6,70.8,22.6,80.6,127,1.4,1.3,22.8,2.4,4.3,1.3,2,3.4
13/05/2020 00:00:00,105.4,106.9,178.8,68.5,269.3,25.3,19.9,39.2,3.3,70.8,300.2,181.1,431.5,10.4,7.5,171.9,146.1,204,68.1,279.6,6.9,74.7,18.1,69.7,107.4,1.3,1.8,21.9,2.3,4.4,1.6,2.1,3.3
14/05/2020 00:00:00,112.9,109.1,192.5,65.7,257.6,22.7,17.4,41.9,3.2,65.6,303.6,186.8,427.2,10.6,7.6,171.7,141.8,205.2,69.8,281.7,7.3,71.3,21.5,72.6,116,1.2,1.9,21.8,2.2,4.6,1.7,2,1.4
15/05/2020 00:00:00,121.1,120.2,208.7,71.8,300.3,26.5,19.2,44.1,3.3,68.2,304,197.2,428.6,10.6,7.9,174.8,145.4,199.3,71.3,288.1,7.4,76.1,22.9,73.6,112.9,1.3,1.7,23,2.2,4.8,1.5,2.1,3.3
16/05/2020 00:00:00,129.2,126.3,214.8,75,316.6,28,19.6,42.9,3.4,67.9,302.8,197.3,432.1,10.4,7.8,177.3,147.8,205.6,72.7,292.4,7.3,85.7,22.8,74.7,130.7,1.4,1.8,25,2.3,4.9,1.7,2.2,4.6
17/05/2020 00:00:00,113,123.6,245.1,70.7,283.5,38.3,30.2,50.2,4.1,80.9,332.1,270.1,459.1,9.5,18.4,184.4,208.6,233.6,73.3,298.9,7.2,77.3,25.8,76,113.4,2,2.2,22.4,2.7,6.7,1.7,2.3,3.4
18/05/2020 00:00:00,120.2,128.5,249,69.8,287.4,39.3,30.7,53.6,4.2,77.7,333.9,265,464.5,10,18,180.6,215.2,233.9,74.3,311.3,7.3,77.8,25.2,69.9,121.4,1.9,2.2,22.3,2.7,6.5,1.7,2.3,3.5
19/05/2020 00:00:00,120.5,131.6,250.3,71.7,290.9,39.3,30.1,50.2,4.1,74.1,332.6,262.7,464.8,10,18.1,184.6,228.9,239.1,75.6,311,7.5,77.4,25.2,68.9,119.9,2,2.3,22.7,2.7,6.6,1.8,2.4,3.1
20/05/2020 00:00:00,123.8,131.6,251.7,70.7,292,39.4,30.5,49.7,4.1,75.6,337,267.7,463.7,9.8,18.2,189.5,226.2,239.5,75.4,312.9,7.5,77,25.1,71,120.7,2,2.3,22.8,2.7,6.9,1.6,2.3,3.6
21/05/2020 00:00:00,126,133,249.7,73.4,295.5,40.1,31.1,51.1,4.2,71.8,337.3,267.7,452.7,9.6,17.9,188.1,226.7,238.3,75.4,314.7,7.5,79.6,25.7,72,121.4,2.1,2.2,23.9,2.3,6.7,1.6,2.1,3.7
22/05/2020 00:00:00,127.2,131.6,247.4,62,295.4,39.2,30.3,50.7,3.9,72.8,333.9,266.9,449.6,9.6,18,187.4,220.6,230.7,73.4,314.6,7.6,76.4,25.4,77,120.2,1.9,2,23,2.4,6.7,1.7,2.2,3.4
23/05/2020 00:00:00,121.6,122.9,243.3,72.1,286.3,35.6,27.5,49.9,3.5,69.3,318.9,261.6,428.1,8.3,17.7,180.5,192.9,214.3,67,295.9,6.9,75.9,25.4,84.3,111.2,1,2.7,20.9,2.1,6.4,1.6,2.2,3.4
01/06/2020 00:00:00,100.2,109.1,210.4,60.8,240.5,33,28.3,44.3,3.4,71.7,330.3,248.2,437.4,12.4,18.2,151.6,157.3,167.4,70,230.6,6.4,65.3,23.7,85.4,108.5,1.5,2.3,23.4,2.4,6,1.6,2.2,2.6
02/06/2020 00:00:00,102.1,115.8,217.5,62.5,239.9,35,28.4,44.4,3.5,71.9,331.3,250.3,439.8,12.4,18.5,152.6,156,165,69.8,242.5,6.5,66.1,23.6,86,110.9,1.7,2.3,22,2.3,6,1.7,2.2,3.4
03/06/2020 00:00:00,107.9,118.6,220.4,62.6,245,35.4,29.6,45.3,3.2,71.5,330.8,251.9,445.8,12.4,18.8,153.2,165.9,172.9,70.2,251.7,6.5,65.1,23.8,79.4,110.1,1.7,2.1,22.2,2.5,6,1.7,2.2,3.3
04/06/2020 00:00:00,112,119.4,222.7,63.5,250.4,35.3,29.9,46.4,3.5,73.1,336.3,253.1,449.6,12.4,18.9,156.4,172.5,174.5,69.8,254.2,6.7,66.2,24.4,75.1,110.4,1.6,2.1,21.5,2.3,5.9,1.8,2.2,3.4
05/06/2020 00:00:00,114,121.6,225.4,65,249.4,36.1,30.4,45.9,3.6,72.8,331.9,253.3,441.9,12.5,18.7,156,181.5,179.9,68.7,257.7,6.6,67.6,23.8,75.8,110.8,1.7,2.2,22.6,2.4,6,1.8,2.2,3.9
01/07/2020 00:00:00,113.8,120.5,223.2,62,248.3,35,30,46.4,3.4,72.5,325.8,255.1,434.6,12.3,18.6,155,181.7,177.1,69.8,250.4,6.7,66.8,23.8,74,114.1,1.7,2.3,21.5,2.2,6,1.8,2.2,3.7
02/07/2020 00:00:00,108.5,109,219.8,59.3,242.3,32.1,26.4,45.4,3.1,73,312,252.3,421.6,12.3,18.2,150.3,175.6,169.7,64.7,229,6.2,67.6,24.3,73.8,107.6,1.4,2.1,21.1,2.5,6.1,1.7,2.2,3.5
03/07/2020 00:00:00,235.3,204.6,203.2,122.8,425.6,41.1,29.5,39.5,6.2,90,289.7,186.4,369.2,8.8,17.4,157.2,161.9,171.9,64.9,276.8,7,121.4,24.2,94.8,171.8,0.9,2.5,35.5,2.4,5,1.7,2,4.7
04/07/2020 00:00:00,242.9,215.7,212.6,129.2,434,43.9,30.7,41.2,6.5,89.7,297.9,185.2,395.5,8.8,18.3,153.6,168.5,174.9,65.9,286.3,7.1,117,25.4,91.1,178.4,0.9,2.4,36.1,2.5,4.9,1.7,2.4,5
05/07/2020 00:00:00,246.2,217.8,225.5,130.3,414.1,41.1,30.7,40.3,6.1,84.9,296.8,186.3,395.5,8.8,18.7,159.4,175.3,172.6,65.2,291.3,7.1,112.6,25.1,93.6,172.2,1,2.2,34,2.6,5.1,1.8,2.2,5.2
01/08/2020 00:00:00,214.3,208,225.7,128.7,439.6,42.8,29.9,38.6,5.7,88.5,288.7,188.2,399.6,10.2,18.5,163.6,190.3,170.5,65.1,296.9,7.9,115.3,25.4,93.6,171.8,1,2.4,33.3,2.5,5.3,1.9,2.5,5.2
02/08/2020 00:00:00,219.2,209.3,228.7,128.5,435,42.7,30.8,39.8,5.9,86.8,292.4,195.1,397.8,10.2,18.6,167.9,193.7,179.2,65.5,303.7,7.9,116.8,25.9,90.3,170.8,0.9,2.3,35.2,2.5,5.3,1.9,2.3,5.2
03/08/2020 00:00:00,228.4,209.1,224.7,122.2,430.1,39.6,31.1,40.2,5.9,85.2,294.3,192.3,390.6,10.2,18.6,169.6,188.3,177.7,67,307.3,8.2,115.6,24.5,89.4,168.4,1.2,2.3,36,2.6,5.3,1.9,2.3,4.9
04/08/2020 00:00:00,224.1,198.2,219.8,116.7,423.8,38,28.2,39.3,5.5,74.4,276.3,180,381.2,10.2,18.2,169.7,188.1,167.9,62.6,290.2,7.7,112.6,23.2,91.4,153.1,0.8,2.1,33.3,2.5,5.3,1.8,2.2,4.8
05/08/2020 00:00:00,111.2,110.4,236.5,61.5,250.8,33.8,27.5,46.8,3.1,91.3,360.1,226.7,476.6,10.9,18.6,195.3,248.6,237.2,78.9,323,7.5,72.1,24.2,72.4,120.1,1.4,2.1,22.5,2.7,5.6,1.6,2.1,3.5
01/09/2020 00:00:00,116.5,119.5,244.7,62.8,257.1,35,28.4,46.9,3.4,86.2,363.1,234.3,490.8,11,19,195.9,254,245.1,79.9,334,7.9,73.1,22.9,71.6,115.5,1.5,2.2,20.3,2.5,5.7,1.6,2.2,3.4
02/09/2020 00:00:00,114,114,225.9,63.9,250,35.1,28.2,45.4,3.4,84.3,356.5,232.1,490.1,11,19.2,201.2,254.1,244.5,80,337.3,8.1,73.5,21.7,69.9,111.4,1.7,2.1,21.3,2.8,5.5,1.7,2.2,3.5
03/09/2020 00:00:00,101.7,97.2,215.6,62.9,230.3,34.8,29.4,45.7,3.3,85.1,354.3,232,491.6,10.4,19.5,199.5,247.3,251.9,79.2,336.3,8,73.5,20.3,69.3,115.5,1.7,2.1,22.5,2.6,5.9,1.6,2.1,3.5
04/09/2020 00:00:00,91.6,87.6,153.3,64.4,209.5,32.9,29.6,46.8,3.5,83.5,345.3,220.7,486.1,10.4,19.1,194.7,244.1,248.5,79.4,339.7,8.5,67.3,21,67.8,114,1.4,2.2,22.5,2.6,5.7,1.7,2.2,3.6
05/09/2020 00:00:00,97.3,99.1,193.9,59.9,218.8,34.6,30.5,49.2,3.5,72.2,344,221.5,486.1,10.4,19.1,185.7,237.6,247.7,79.5,332.2,8.2,64.8,20.9,68.6,109.7,1.5,2.3,22.2,2.7,5.9,1.6,2.2,3.6
01/10/2020 00:00:00,93.8,93.2,201.1,58.2,232.1,33.8,27.5,47.4,3.1,81.2,335.6,221,471.5,9.2,19,182.4,226.7,237.4,73.9,309.7,7.4,71.1,22.5,71.4,104.9,1.3,2.3,21,2.7,5.7,1.7,2.2,3.4
02/10/2020 00:00:00,290.1,228.1,247.9,145.2,454.3,46.5,29.6,44.4,7.2,80.8,330.7,172.7,376.7,10,17.4,169.9,144.8,184.6,76.4,334.9,8.4,104.7,23.4,76.5,167.6,1.1,2.3,33,2.5,5.6,1.9,2.3,5.3
03/10/2020 00:00:00,282.1,223.9,237.5,147.1,441.3,45.4,30.6,45.6,7.2,73.1,339,167.2,380.3,10,17.8,171.9,145.5,192.6,77.1,339.7,8.7,92.6,20.2,74.6,164.7,1.2,2.2,31.7,2.6,6,1.7,2.2,4.8
04/10/2020 00:00:00,300,237.2,242.7,145.3,433.9,47,31.8,45.9,7.4,73.8,331.1,156.6,387,10,18.5,171.4,146.3,195.9,75.2,342.8,8.9,99.3,21.9,80.4,164.8,1.2,2.2,30.9,2.4,6.2,1.7,2.6,5
05/10/2020 00:00:00,289.9,208.2,237.3,139.2,441.2,45.2,30,41.6,6.1,79.8,318.1,161.1,392.8,10,18.8,179.4,152.5,195.4,73.4,346.7,9.4,106.2,22.7,81.6,176.1,1.2,2.4,35,2.5,5.9,1.7,2.5,5.1
01/11/2020 00:00:00,284.4,205.8,220.9,126.4,403,45.1,29.9,41.9,6.5,81.1,322.7,157.7,386.3,10,18.6,169.3,152.5,191.5,72.8,347.2,9.5,107.8,23.4,81,177.9,1.2,2.2,34,2.6,5.8,2,2.2,5.6
02/11/2020 00:00:00,271.4,210.4,218.1,122.3,364.9,44.2,29.9,41,6,77.9,321.8,154.9,382.6,10,18.6,179.4,150.4,183.5,72.7,336.3,9.5,101.6,22.6,79.7,161.8,1,2.1,30.9,2.3,5.6,1.7,2,5.2
03/11/2020 00:00:00,270,199.5,201.3,119.6,377.9,42.2,25,43,5.6,79,305.1,157.1,367.1,10.5,17.3,175.1,147.3,172.9,65.4,317.2,8.7,83.7,21.5,80.6,144.9,0.8,2.2,26.8,2.4,5.9,1.4,2.1,4.3
04/11/2020 00:00:00,124.3,117.9,213.8,72,311.1,34.1,24.9,44.5,3.3,99,359.3,205.9,477.1,12,17.3,195.1,218.5,243.7,84.7,342.7,8,75.7,22.8,81.3,145.8,1.1,2,18,2.3,4.9,1.5,1.9,2.6
05/11/2020 00:00:00,124.4,124,216.6,75,320.1,35.6,24.7,45.4,3.5,99.6,366.9,206.3,485.9,12,17.6,195.8,225.3,247.8,85.3,350.4,8.4,83,24.3,95.3,168.7,1.3,2,19.8,2.1,5.3,1.7,1.9,2.4
01/12/2020 00:00:00,130.8,126,220.4,77.3,322.8,36.5,25.4,45.4,3.6,100.4,370.5,208.1,494.1,12,18.1,196.5,227.7,248.6,86.4,357.3,8.5,82.9,26.3,105.7,172.6,1.4,2.1,20.4,2.1,5.4,1.8,2,2.4
02/12/2020 00:00:00,129.4,127.3,218.4,81.3,331.4,37,25.8,45.2,3.7,101.8,377.4,209.8,492.8,12,18.2,197.6,219.5,246.5,84.7,356.9,8.5,85,25.2,112.3,174.4,1.5,2.1,23.3,2.4,5.4,1.6,2.1,3.3
03/12/2020 00:00:00,132.1,129.7,205.6,85.6,336.7,37.8,26.2,45.2,4,103,379.8,205.2,472.8,12,18.4,197.3,212.5,242.8,83.9,355.1,8.7,85.4,24,113,169.8,1.4,2.1,21.7,2.3,5.4,1.5,2,3.6
04/12/2020 00:00:00,132.1,128.4,207,83.9,334.6,38.2,27,43,4,101.8,377.2,203.3,475.3,12,18.2,186.1,207.2,226.7,85.1,353.5,8.6,70,19.3,111.6,145.5,1.2,2,24.2,2.5,5.7,1.6,2,3.3
05/12/2020 00:00:00,120.4,111.2,201.4,83.6,287.3,35.2,24.3,42.6,3.5,102.4,362.5,200.1,470.5,12,18.4,181.9,197,218.6,78.7,323.7,7.9,61.7,17.7,95.1,110.4,1.2,2.1,20.3,2.5,5.8,1.6,2.1,3.3