Id,ActivityDay,SedentaryMinutes,LightlyActiveMinutes,FairlyActiveMinutes,VeryActiveMinutes,SedentaryActiveDistance,LightActiveDistance,ModeratelyActiveDistance,VeryActiveDistance
1503960366,4/12/2016,728,328,13,25,0,6.05999994277954,0.550000011920929,1.87999999523163
1503960366,4/13/2016,776,217,19,21,0,4.71000003814697,0.689999997615814,1.57000005245209
1503960366,4/14/2016,1218,181,11,30,0,3.91000008583069,0.400000005960464,2.44000005722046
1503960366,4/15/2016,726,209,34,29,0,2.82999992370605,1.25999999046326,2.14000010490417
1503960366,4/16/2016,773,221,10,36,0,5.03999996185303,0.409999996423721,2.71000003814697
1503960366,4/17/2016,539,164,20,38,0,2.50999999046326,0.779999971389771,3.19000005722046
1503960366,4/18/2016,1149,233,16,42,0,4.71000003814697,0.639999985694885,3.25
1503960366,4/19/2016,775,264,31,50,0,5.03000020980835,1.32000005245209,3.52999997138977
1503960366,4/20/2016,818,205,12,28,0,4.23999977111816,0.479999989271164,1.96000003814697
1503960366,4/21/2016,838,211,8,19,0,4.65000009536743,0.349999994039536,1.3400000333786
1503960366,4/22/2016,1217,130,27,66,0,2.24000000953674,1.12000000476837,4.76000022888184
1503960366,4/23/2016,732,262,21,41,0,5.3600001335144,0.870000004768372,2.80999994277954
1503960366,4/24/2016,709,238,5,39,0,3.27999997138977,0.209999993443489,2.92000007629395
1503960366,4/25/2016,814,216,14,73,0,3.94000005722046,0.569999992847443,5.28999996185303
1503960366,4/26/2016,833,279,23,31,0,5.53999996185303,0.920000016689301,2.32999992370605
1503960366,4/27/2016,1108,243,11,78,0,5.40999984741211,0.409999996423721,6.40000009536743
1503960366,4/28/2016,782,189,28,48,0,3.78999996185303,1.1599999666214,3.53999996185303
1503960366,4/29/2016,815,243,12,16,0,5.57999992370605,0.5,1.05999994277954
1503960366,4/30/2016,712,217,34,52,0,4.26999998092651,1.41999995708466,3.55999994277954
1503960366,5/1/2016,730,246,35,33,0,2.92000007629395,1.60000002384186,2.28999996185303
1503960366,5/2/2016,798,277,15,41,0,5.92000007629395,0.569999992847443,3.21000003814697
1503960366,5/3/2016,816,254,24,50,0,4.88000011444092,1.04999995231628,3.73000001907349
1503960366,5/4/2016,1179,203,22,36,0,3.8199999332428,0.870000004768372,2.46000003814697
1503960366,5/5/2016,857,250,24,45,0,4.88000011444092,1.08000004291534,2.92000007629395
1503960366,5/6/2016,754,289,6,24,0,5.80999994277954,0.25,1.97000002861023
1503960366,5/7/2016,833,175,46,37,0,3.13000011444092,2.11999988555908,2.46000003814697
1503960366,5/8/2016,574,203,8,44,0,2.73000001907349,0.319999992847443,3.52999997138977
1503960366,5/9/2016,835,206,11,46,0,3.74000000953674,0.529999971389771,3.45000004768372
1503960366,5/10/2016,746,214,31,46,0,3.25999999046326,1.1599999666214,3.34999990463257
1503960366,5/11/2016,669,251,23,36,0,4.55000019073486,1.00999999046326,2.55999994277954
1503960366,5/12/2016,1440,0,0,0,0,0,0,0
1624580081,4/12/2016,1294,146,0,0,0,5.30999994277954,0,0
1624580081,4/13/2016,1292,148,0,0,0,4.55000019073486,0,0
1624580081,4/14/2016,1204,236,0,0,0.00999999977648258,5.90999984741211,0,0
1624580081,4/15/2016,1344,96,0,0,0,0.970000028610229,0,0
1624580081,4/16/2016,1264,176,0,0,0,3.49000000953674,0,0
1624580081,4/17/2016,1276,127,22,15,0.00999999977648258,1.49000000953674,1.51999998092651,1.02999997138977
1624580081,4/18/2016,1214,202,7,17,0.00999999977648258,4.61999988555908,0.620000004768372,2.15000009536743
1624580081,4/19/2016,1299,141,0,0,0,1.89999997615814,0,0
1624580081,4/20/2016,1289,151,0,0,0,3.23000001907349,0,0
1624580081,4/21/2016,1254,186,0,0,0.0199999995529652,4.1100001335144,0,0
1624580081,4/22/2016,1241,199,0,0,0,2.59999990463257,0,0
1624580081,4/23/2016,1213,227,0,0,0.00999999977648258,5.53999996185303,0,0
1624580081,4/24/2016,1221,185,18,16,0,1.88999998569489,0.910000026226044,1.14999997615814
1624580081,4/25/2016,1238,202,0,0,0.0199999995529652,4.19999980926514,0,0
1624580081,4/26/2016,1300,140,0,0,0.00999999977648258,1.83000004291534,0,0
1624580081,4/27/2016,1233,154,36,17,0,2.46000003814697,1.87000000476837,1.11000001430511
1624580081,4/28/2016,1320,115,5,0,0,1.60000002384186,0.200000002980232,0
1624580081,4/29/2016,1290,150,0,0,0,1.54999995231628,0,0
1624580081,4/30/2016,1182,224,23,11,0.00999999977648258,2.11999988555908,1.27999997138977,0.899999976158142
1624580081,5/1/2016,1020,171,63,186,0.0199999995529652,1.9099999666214,4.19000005722046,21.9200000762939
1624580081,5/2/2016,1261,166,6,7,0,3.47000002861023,0.589999973773956,0.860000014305115
1624580081,5/3/2016,1344,96,0,0,0.0199999995529652,1.3400000333786,0,0
1624580081,5/4/2016,1322,118,0,0,0,1.41999995708466,0,0
1624580081,5/5/2016,1323,117,0,0,0.0199999995529652,1.58000004291534,0,0
1624580081,5/6/2016,1338,102,0,0,0.00999999977648258,1.12000000476837,0,0
1624580081,5/7/2016,1258,182,0,0,0,1.37000000476837,0,0
1624580081,5/8/2016,1288,152,0,0,0,2.22000002861023,0,0
1624580081,5/9/2016,1349,91,0,0,0,1.12999999523163,0,0
1624580081,5/10/2016,1301,139,0,0,0.00999999977648258,1.91999995708466,0,0
1624580081,5/11/2016,1328,112,0,0,0,2.03999996185303,0,0
1624580081,5/12/2016,890,107,0,0,0.00999999977648258,1.91999995708466,0,0
1644430081,4/12/2016,1131,256,51,2,0,5.32999992370605,2.29999995231628,0.140000000596046
1644430081,4/13/2016,1259,135,16,30,0,2.64000010490417,0.899999976158142,2.27999997138977
1644430081,4/14/2016,1125,252,58,5,0,5.09999990463257,2.55999994277954,0.360000014305115
1644430081,4/15/2016,1263,170,4,3,0,3.45000004768372,0.150000005960464,0.219999998807907
1644430081,4/16/2016,1135,212,42,51,0,5.09000015258789,1.87999999523163,4.09999990463257
1644430081,4/17/2016,1212,186,13,29,0,3.54999995231628,0.569999992847443,2.25
1644430081,4/18/2016,1271,121,33,15,0,2.45000004768372,1.66999995708466,1.07000005245209
1644430081,4/19/2016,1099,278,58,5,0,5.30000019073486,2.52999997138977,0.360000014305115
1644430081,4/20/2016,1315,125,0,0,0.00999999977648258,1.75999999046326,0,0
1644430081,4/21/2016,1402,38,0,0,0.00999999977648258,0.879999995231628,0,0
1644430081,4/22/2016,1354,86,0,0,0.00999999977648258,2.66000008583069,0,0
1644430081,4/23/2016,1265,160,15,0,0,4.25,0.579999983310699,0
1644430081,4/24/2016,1351,89,0,0,0,2.41000008583069,0,0
1644430081,4/25/2016,1337,94,1,8,0,1.95000004768372,0.0599999986588955,0.589999973773956
1644430081,4/26/2016,1165,223,41,11,0,4.69000005722046,1.72000002861023,0.800000011920929
1644430081,4/27/2016,1322,118,0,0,0,2.20000004768372,0,0
1644430081,4/28/2016,1157,227,53,3,0,4.30999994277954,2.3199999332428,0.200000002980232
1644430081,4/29/2016,1193,120,0,0,0,2.30999994277954,0,0
1644430081,4/30/2016,816,402,71,9,0,9.46000003814697,3.14000010490417,0.629999995231628
1644430081,5/1/2016,908,146,24,3,0,3.23000001907349,0.990000009536743,0.239999994635582
1644430081,5/2/2016,682,148,7,1,0,2.34999990463257,0.310000002384186,0.0700000002980232
1644430081,5/3/2016,1115,221,94,10,0,4.53999996185303,4.09000015258789,0.720000028610229
1644430081,5/4/2016,1388,52,0,0,0.0199999995529652,1.6599999666214,0,0
1644430081,5/5/2016,1341,81,12,6,0.00999999977648258,2.13000011444092,0.540000021457672,0.519999980926514
1644430081,5/6/2016,1054,369,6,11,0.0199999995529652,6.01000022888184,0.270000010728836,0.819999992847443
1644430081,5/7/2016,1139,243,17,41,0.00999999977648258,5.67000007629395,0.790000021457672,3.25999999046326
1644430081,5/8/2016,991,295,0,0,0,4.88000011444092,0,0
1644430081,5/9/2016,1099,303,6,32,0.00999999977648258,2.08999991416931,0.349999994039536,2.39000010490417
1644430081,5/10/2016,1254,155,19,12,0.00999999977648258,4.96999979019165,0.810000002384186,0.879999995231628
1644430081,5/11/2016,713,49,0,0,0.00999999977648258,0.949999988079071,0,0
1844505072,4/12/2016,1101,339,0,0,0,4.42999982833862,0,0
1844505072,4/13/2016,1192,248,0,0,0,3.25999999046326,0,0
1844505072,4/14/2016,843,373,0,0,0,5.23000001907349,0,0
1844505072,4/15/2016,527,176,0,0,0,2.53999996185303,0,0
1844505072,4/16/2016,1293,147,0,0,0,2.25999999046326,0,0
1844505072,4/17/2016,1231,199,8,2,0,2.58999991416931,0.259999990463257,0.140000000596046
1844505072,4/18/2016,1211,217,12,0,0,2.55999994277954,0.479999989271164,0
1844505072,4/19/2016,1430,10,0,0,0,0.129999995231628,0,0
1844505072,4/20/2016,1439,1,0,0,0,0.00999999977648258,0,0
1844505072,4/21/2016,1117,308,13,2,0,4.67999982833862,0.519999980926514,0.119999997317791
1844505072,4/22/2016,1220,220,0,0,0,3.54999995231628,0,0
1844505072,4/23/2016,1301,139,0,0,0,2.35999989509583,0,0
1844505072,4/24/2016,1440,0,0,0,0,0,0,0
1844505072,4/25/2016,1440,0,0,0,0,0,0,0
1844505072,4/26/2016,1440,0,0,0,0,0,0,0
1844505072,4/27/2016,1439,1,0,0,0,0,0,0
1844505072,4/28/2016,1138,302,0,0,0,4.55999994277954,0,0
1844505072,4/29/2016,1082,247,0,0,0,3.25,0,0
1844505072,4/30/2016,218,184,0,0,0,2.65000009536743,0,0
1844505072,5/1/2016,585,75,7,0,0,1.45000004768372,0.259999990463257,0
1844505072,5/2/2016,1440,0,0,0,0,0,0,0
1844505072,5/3/2016,1256,184,0,0,0,2.6800000667572,0,0
1844505072,5/4/2016,1353,87,0,0,0,1.37000000476837,0,0
1844505072,5/5/2016,1320,120,0,0,0,1.48000001907349,0,0
1844505072,5/6/2016,1438,2,0,0,0,0.0299999993294477,0,0
1844505072,5/7/2016,1440,0,0,0,0,0,0,0
1844505072,5/8/2016,1440,0,0,0,0,0,0,0
1844505072,5/9/2016,1440,0,0,0,0,0,0,0
1844505072,5/10/2016,1440,0,0,0,0,0,0,0
1844505072,5/11/2016,1440,0,0,0,0,0,0,0
1844505072,5/12/2016,711,0,0,0,0,0,0,0
1927972279,4/12/2016,734,55,0,0,0,0.469999998807907,0,0
1927972279,4/13/2016,986,32,0,0,0,0.25,0,0
1927972279,4/14/2016,1292,88,9,0,0,1.10000002384186,0.400000005960464,0
1927972279,4/15/2016,941,51,0,0,0,0.680000007152557,0,0
1927972279,4/16/2016,1440,0,0,0,0,0,0,0
1927972279,4/17/2016,1440,0,0,0,0,0,0,0
1927972279,4/18/2016,1423,17,0,0,0,0.170000001788139,0,0
1927972279,4/19/2016,1440,0,0,0,0,0,0,0
1927972279,4/20/2016,1440,0,0,0,0,0,0,0
1927972279,4/21/2016,1440,0,0,0,0,0,0,0
1927972279,4/22/2016,1430,10,0,0,0,0.100000001490116,0,0
1927972279,4/23/2016,1295,145,0,0,0,2.03999996185303,0,0
1927972279,4/24/2016,1358,75,6,1,0,1.13999998569489,0.239999994635582,0.0700000002980232
1927972279,4/25/2016,1303,12,0,0,0,0.109999999403954,0,0
1927972279,4/26/2016,1058,192,0,0,0,2.59999990463257,0,0
1927972279,4/27/2016,1440,0,0,0,0,0,0,0
1927972279,4/28/2016,1167,95,0,0,0,1.1599999666214,0,0
1927972279,4/29/2016,1440,0,0,0,0,0,0,0
1927972279,4/30/2016,1440,0,0,0,0,0,0,0
1927972279,5/1/2016,1355,70,1,14,0,0.829999983310699,0.0299999993294477,1.00999999046326
1927972279,5/2/2016,1322,94,8,16,0,1.1599999666214,0.300000011920929,1.1599999666214
1927972279,5/3/2016,1413,17,0,10,0,0.180000007152557,0,0.730000019073486
1927972279,5/4/2016,1353,87,0,0,0,1.24000000953674,0,0
1927972279,5/5/2016,1440,0,0,0,0,0,0,0
1927972279,5/6/2016,1332,108,0,0,0,1.45000004768372,0,0
1927972279,5/7/2016,1392,48,0,0,0,1.03999996185303,0,0
1927972279,5/8/2016,1440,0,0,0,0,0,0,0
1927972279,5/9/2016,1440,0,0,0,0,0,0,0
1927972279,5/10/2016,1440,0,0,0,0,0,0,0
1927972279,5/11/2016,1440,0,0,0,0,0,0,0
1927972279,5/12/2016,966,0,0,0,0,0,0,0
2022484408,4/12/2016,1157,227,14,42,0,4.26000022888184,0.769999980926514,3.30999994277954
2022484408,4/13/2016,1100,292,5,43,0,5.40999984741211,0.100000001490116,2.99000000953674
2022484408,4/14/2016,1148,257,3,32,0,4.82000017166138,0.209999993443489,2.48000001907349
2022484408,4/15/2016,1122,282,9,27,0,5.78000020980835,0.310000002384186,1.94000005722046
2022484408,4/16/2016,1237,151,11,41,0,3.39000010490417,0.550000011920929,3.15000009536743
2022484408,4/17/2016,1052,331,29,28,0,6.88000011444092,0.660000026226044,3.86999988555908
2022484408,4/18/2016,1078,311,3,48,0,6.30000019073486,0.119999997317791,3.64000010490417
2022484408,4/19/2016,1152,250,7,31,0,5,0.239999994635582,3.28999996185303
2022484408,4/20/2016,1053,276,63,48,0,5.40000009536743,1.92999994754791,3.33999991416931
2022484408,4/21/2016,1028,255,53,104,0,4.30999994277954,1.11000001430511,3.32999992370605
2022484408,4/22/2016,1105,273,10,52,0,4.46999979019165,0.419999986886978,4.42999982833862
2022484408,4/23/2016,1191,249,0,0,0,4.21000003814697,0,0
2022484408,4/24/2016,1161,216,26,37,0,4.57999992370605,1.14999997615814,4.55000019073486
2022484408,4/25/2016,1171,217,8,44,0,4.46000003814697,0.219999998807907,3.32999992370605
2022484408,4/26/2016,1086,275,24,55,0,5.1100001335144,0.660000026226044,1.42999994754791
2022484408,4/27/2016,1119,282,20,19,0,5.11999988555908,0.970000028610229,1.03999996185303
2022484408,4/28/2016,1123,291,20,6,0,5.3899998664856,1.33000004291534,0.409999996423721
2022484408,4/29/2016,1098,281,40,21,0,5.5,1.21000003814697,0.479999989271164
2022484408,4/30/2016,1043,361,23,13,0,10.5699996948242,1.39999997615814,0.939999997615814
2022484408,5/1/2016,1142,245,28,25,0,4.5,0.959999978542328,1.94000005722046
2022484408,5/2/2016,1119,277,8,36,0,4.32999992370605,0.340000003576279,2.60999989509583
2022484408,5/3/2016,1104,250,14,72,0,4.28000020980835,0.46000000834465,3.99000000953674
2022484408,5/4/2016,1105,272,27,36,0,4.84999990463257,0.930000007152557,2.50999999046326
2022484408,5/5/2016,1112,253,20,55,0,4.69999980926514,0.860000014305115,2.78999996185303
2022484408,5/6/2016,1104,295,17,24,0,4.6399998664856,0.670000016689301,1.87000000476837
2022484408,5/7/2016,1269,149,2,20,0,3.01999998092651,0.0799999982118607,1.61000001430511
2022484408,5/8/2016,1305,135,0,0,0,2.30999994277954,0,0
2022484408,5/9/2016,1061,297,47,35,0,5.6399998664856,1.62999999523163,2.11999988555908
2022484408,5/10/2016,1084,271,28,57,0,5.55999994277954,1.21000003814697,2.22000002861023
2022484408,5/11/2016,1133,224,25,58,0,3.99000000953674,1.14999997615814,4.17999982833862
2022484408,5/12/2016,728,236,16,16,0,4.44000005722046,0.670000016689301,1.27999997138977
2026352035,4/12/2016,706,181,8,3,0,2.20000004768372,0.349999994039536,0.189999997615814
2026352035,4/13/2016,663,238,0,0,0,3.09999990463257,0,0
2026352035,4/14/2016,653,197,0,0,0,2.04999995231628,0,0
2026352035,4/15/2016,687,188,0,0,0,2.36999988555908,0,0
2026352035,4/16/2016,728,150,0,0,0,1.58000004291534,0,0
2026352035,4/17/2016,1053,60,0,0,0,0.519999980926514,0,0
2026352035,4/18/2016,1062,182,0,0,0,2.05999994277954,0,0
2026352035,4/19/2016,785,141,0,0,0,1.5,0,0
2026352035,4/20/2016,623,327,0,0,0,4.48000001907349,0,0
2026352035,4/21/2016,749,153,0,0,0,1.52999997138977,0,0
2026352035,4/22/2016,712,162,0,0,0,1.80999994277954,0,0
2026352035,4/23/2016,458,432,0,0,0,7.71000003814697,0,0
2026352035,4/24/2016,704,164,0,0,0,2.16000008583069,0,0
2026352035,4/25/2016,821,260,0,0,0,3.73000001907349,0,0
2026352035,4/26/2016,1018,288,0,0,0,3.6800000667572,0,0
2026352035,4/27/2016,586,286,0,0,0,3.76999998092651,0,0
2026352035,4/28/2016,626,331,0,0,0,3.95000004768372,0,0
2026352035,4/29/2016,492,352,0,0,0,4.71000003814697,0,0
2026352035,4/30/2016,594,233,0,0,0,2.9300000667572,0,0
2026352035,5/1/2016,716,191,0,0,0,2.27999997138977,0,0
2026352035,5/2/2016,716,355,0,0,0,4.34999990463257,0,0
2026352035,5/3/2016,981,304,0,0,0,3.72000002861023,0,0
2026352035,5/4/2016,530,345,0,0,0,4.07000017166138,0,0
2026352035,5/5/2016,479,475,0,0,0,7.53999996185303,0,0
2026352035,5/6/2016,511,383,0,0,0,5.07999992370605,0,0
2026352035,5/7/2016,665,229,0,0,0,2.59999990463257,0,0
2026352035,5/8/2016,610,258,0,0,0,3.45000004768372,0,0
2026352035,5/9/2016,543,401,0,0,0,6.59999990463257,0,0
2026352035,5/10/2016,1002,17,0,0,0,0.159999996423721,0,0
2026352035,5/11/2016,569,330,0,0,0,5.32000017166138,0,0
2026352035,5/12/2016,330,343,0,0,0,5.51000022888184,0,0
2320127002,4/12/2016,1112,306,9,13,0,6.01000022888184,0.310000002384186,1.16999995708466
2320127002,4/13/2016,1105,335,0,0,0,4.90000009536743,0,0
2320127002,4/14/2016,1249,191,0,0,0,2.6800000667572,0,0
2320127002,4/15/2016,1195,245,0,0,0,3.50999999046326,0,0
2320127002,4/16/2016,1245,195,0,0,0,3.40000009536743,0,0
2320127002,4/17/2016,1191,249,0,0,0,4.17999982833862,0,0
2320127002,4/18/2016,1173,260,7,0,0,4.1399998664856,0.259999990463257,0
2320127002,4/19/2016,1201,228,11,0,0,3.66000008583069,0.379999995231628,0
2320127002,4/20/2016,1146,283,11,0,0,4.34000015258789,0.490000009536743,0
2320127002,4/21/2016,1302,127,10,1,0,1.80999994277954,0.419999986886978,0.0599999986588955
2320127002,4/22/2016,1174,266,0,0,0,3.75999999046326,0,0
2320127002,4/23/2016,1129,242,0,0,0,3.42000007629395,0,0
2320127002,4/24/2016,1236,204,0,0,0,2.79999995231628,0,0
2320127002,4/25/2016,1280,152,5,3,0,1.99000000953674,0.200000002980232,0.230000004172325
2320127002,4/26/2016,1293,147,0,0,0,2.29999995231628,0,0
2320127002,4/27/2016,1358,82,0,0,0,1.1599999666214,0,0
2320127002,4/28/2016,1364,76,0,0,0,1.02999997138977,0,0
2320127002,4/29/2016,1395,45,0,0,0,0.620000004768372,0,0
2320127002,4/30/2016,1206,234,0,0,0,3.0699999332428,0,0
2320127002,5/1/2016,1400,40,0,0,0,0.519999980926514,0,0
2320127002,5/2/2016,1306,123,6,5,0,1.87999999523163,0.209999993443489,0.360000014305115
2320127002,5/3/2016,1204,206,10,20,0,3.16000008583069,0.370000004768372,1.49000000953674
2320127002,5/4/2016,1388,52,0,0,0,0.810000002384186,0,0
2320127002,5/5/2016,1206,223,11,0,0,3.10999989509583,0.389999985694885,0
2320127002,5/6/2016,1236,204,0,0,0,3.28999996185303,0,0
2320127002,5/7/2016,1121,319,0,0,0,4.96999979019165,0,0
2320127002,5/8/2016,1193,247,0,0,0,3.47000002861023,0,0
2320127002,5/9/2016,1295,145,0,0,0,2.07999992370605,0,0
2320127002,5/10/2016,1150,290,0,0,0,4.19999980926514,0,0
2320127002,5/11/2016,1140,300,0,0,0,4.32999992370605,0,0
2320127002,5/12/2016,830,128,0,0,0,1.78999996185303,0,0
2347167796,4/12/2016,964,320,13,28,0,4.19999980926514,0.620000004768372,2
2347167796,4/13/2016,676,195,32,19,0,3.41000008583069,1.94000005722046,1.6599999666214
2347167796,4/14/2016,705,206,48,1,0,3.94000005722046,2.74000000953674,0.0199999995529652
2347167796,4/15/2016,720,284,24,1,0,5.42999982833862,1.41999995708466,0.0700000002980232
2347167796,4/16/2016,968,268,72,66,0,5.53000020980835,4.09999990463257,5.44999980926514
2347167796,4/17/2016,508,249,7,1,0,3.25999999046326,0.280000001192093,0.0799999982118607
2347167796,4/18/2016,678,206,16,11,0,3.78999996185303,0.860000014305115,0.790000021457672
2347167796,4/19/2016,648,382,7,0,0,4.44000005722046,0,0
2347167796,4/20/2016,1011,269,43,11,0,4.78000020980835,1.80999994277954,0.680000007152557
2347167796,4/21/2016,761,208,26,23,0,3.38000011444092,1.52999997138977,1.85000002384186
2347167796,4/22/2016,781,206,27,9,0,2.92000007629395,1.67999994754791,0.560000002384186
2347167796,4/23/2016,591,360,35,32,0,7.15000009536743,1.45000004768372,2.77999997138977
2347167796,4/24/2016,584,360,0,0,0,6.26000022888184,0,0
2347167796,4/25/2016,653,277,11,15,0,4.59999990463257,0.519999980926514,1.26999998092651
2347167796,4/26/2016,732,227,0,0,0,3.95000004768372,0,0
2347167796,4/27/2016,623,295,9,26,0,5.32000017166138,0.400000005960464,1.86000001430511
2347167796,4/28/2016,764,229,0,0,0,3.59999990463257,0,0
2347167796,4/29/2016,2,4,0,0,0,0.0299999993294477,0,0
2873212765,4/12/2016,1061,356,21,2,0,4.88000011444092,0.930000007152557,0.109999999403954
2873212765,4/13/2016,1028,404,8,0,0.0199999995529652,4.88000011444092,0.219999998807907,0
2873212765,4/14/2016,1109,331,0,0,0,5.32000017166138,0,0
2873212765,4/15/2016,992,448,0,0,0.00999999977648258,5.69000005722046,0,0
2873212765,4/16/2016,1087,305,1,47,0.00999999977648258,3.50999999046326,0.0199999995529652,3.10999989509583
2873212765,4/17/2016,1272,160,8,0,0,1.3400000333786,0.349999994039536,0
2873212765,4/18/2016,1122,311,6,1,0,4.8899998664856,0.280000001192093,0.0700000002980232
2873212765,4/19/2016,1051,389,0,0,0,5.3600001335144,0,0
2873212765,4/20/2016,1035,378,5,22,0.00999999977648258,4.65999984741211,0.119999997317791,1.50999999046326
2873212765,4/21/2016,1057,371,10,2,0.00999999977648258,5.46999979019165,0.370000004768372,0.129999995231628
2873212765,4/22/2016,1028,366,0,46,0.0199999995529652,4.42000007629395,0,0.46000000834465
2873212765,4/23/2016,1077,330,5,28,0.00999999977648258,4.01999998092651,0.230000004172325,2.08999991416931
2873212765,4/24/2016,1203,190,1,46,0,1.62000000476837,0.0599999986588955,3
2873212765,4/25/2016,1081,359,0,0,0,4.94999980926514,0,0
2873212765,4/26/2016,1124,309,5,2,0,5.23999977111816,0.180000007152557,0.119999997317791
2873212765,4/27/2016,1197,197,0,46,0,2.35999989509583,0,0
2873212765,4/28/2016,1192,213,7,28,0,2.91000008583069,0.340000003576279,2.16000008583069
2873212765,4/29/2016,1191,206,23,20,0,2.1800000667572,1.4099999666214,1.36000001430511
2873212765,4/30/2016,1167,248,20,5,0.00999999977648258,4.26000022888184,1.08000004291534,0.330000013113022
2873212765,5/1/2016,1219,196,18,7,0,3.44000005722046,1.03999996185303,0.490000009536743
2873212765,5/2/2016,1099,334,7,0,0.0199999995529652,4.82999992370605,0.209999993443489,0
2873212765,5/3/2016,1070,363,6,1,0.00999999977648258,4.65999984741211,0.25,0.0599999986588955
2873212765,5/4/2016,1020,420,0,0,0,5.55999994277954,0,0
2873212765,5/5/2016,1093,311,23,13,0,4.03000020980835,0.800000011920929,0.779999971389771
2873212765,5/6/2016,1065,370,5,0,0.00999999977648258,4.6100001335144,0.119999997317791,0
2873212765,5/7/2016,1302,52,11,75,0,0.550000011920929,0.550000011920929,2.27999997138977
2873212765,5/8/2016,1068,326,0,46,0,2.64000010490417,0,2.90000009536743
2873212765,5/9/2016,1095,345,0,0,0,5.19000005722046,0,0
2873212765,5/10/2016,1067,373,0,0,0.00999999977648258,5.55000019073486,0,0
2873212765,5/11/2016,1121,319,0,0,0.00999999977648258,4.32000017166138,0,0
2873212765,5/12/2016,720,268,0,0,0,5.1100001335144,0,0
3372868164,4/12/2016,1160,280,0,0,0.00999999977648258,3.23000001907349,0,0
3372868164,4/13/2016,1045,371,8,16,0.0199999995529652,5.26999998092651,0.340000003576279,0.990000009536743
3372868164,4/14/2016,1039,370,25,6,0.00999999977648258,4.65000009536743,1.02999997138977,0.340000003576279
3372868164,4/15/2016,1105,335,0,0,0.0199999995529652,5.05999994277954,0,0
3372868164,4/16/2016,1084,356,0,0,0.0299999993294477,4.69999980926514,0,0
3372868164,4/17/2016,1105,322,2,11,0.00999999977648258,4.3600001335144,0.100000001490116,1.4099999666214
3372868164,4/18/2016,1070,343,7,20,0,3.34999990463257,0.200000002980232,1.08000004291534
3372868164,4/19/2016,1064,376,0,0,0.0199999995529652,5.23999977111816,0,0
3372868164,4/20/2016,1148,274,3,15,0.0199999995529652,2.38000011444092,0.0900000035762787,0.839999973773956
3372868164,4/21/2016,1037,376,9,18,0.00999999977648258,4.6399998664856,0.259999990463257,1.14999997615814
3372868164,4/22/2016,1234,206,0,0,0.00999999977648258,2.60999989509583,0,0
3372868164,4/23/2016,1115,303,2,20,0,3.57999992370605,0.0799999982118607,1.39999997615814
3372868164,4/24/2016,1127,292,7,14,0.0199999995529652,3.49000000953674,0.189999997615814,0.889999985694885
3372868164,4/25/2016,1024,416,0,0,0,4.09000015258789,0,0
3372868164,4/26/2016,1083,333,2,22,0.00999999977648258,3.86999988555908,0.0500000007450581,1.85000002384186
3372868164,4/27/2016,1057,346,13,24,0.00999999977648258,3.19000005722046,0.629999995231628,1.58000004291534
3372868164,4/28/2016,1055,385,0,0,0,3.75999999046326,0,0
3372868164,4/29/2016,1038,402,0,0,0.00999999977648258,6.21999979019165,0,0
3372868164,4/30/2016,1119,300,4,17,0.00999999977648258,2.42000007629395,0.0900000035762787,1.05999994277954
3372868164,5/1/2016,842,172,0,0,0,2.08999991416931,0,0
3977333714,4/12/2016,777,131,19,44,0,2.00999999046326,0.910000026226044,3.05999994277954
3977333714,4/13/2016,754,153,46,31,0,2.54999995231628,2.13000011444092,2.02999997138977
3977333714,4/14/2016,801,214,23,5,0,3.8199999332428,0.970000028610229,0.319999992847443
3977333714,4/15/2016,644,183,42,15,0,3.25999999046326,1.75,1.04999995231628
3977333714,4/16/2016,663,153,83,31,0,2.97000002861023,4,2.02999997138977
3977333714,4/17/2016,600,205,58,11,0,3.92000007629395,2.34999990463257,0.699999988079071
3977333714,4/18/2016,605,214,95,4,0,3.8199999332428,3.73000001907349,0.25
3977333714,4/19/2016,738,221,67,19,0,3.96000003814697,2.45000004768372,2.24000000953674
3977333714,4/20/2016,845,164,98,2,0,3.27999997138977,4.34999990463257,0.200000002980232
3977333714,4/21/2016,712,242,0,0,0,4.05999994277954,0,0
3977333714,4/22/2016,731,188,12,33,0,3.05999994277954,0.579999983310699,2.32999992370605
3977333714,4/23/2016,724,252,92,0,0,3.84999990463257,4.21999979019165,0
3977333714,4/24/2016,660,129,95,30,0,2.17000007629395,4.55999994277954,3.26999998092651
3977333714,4/25/2016,781,133,9,50,0,2.41000008583069,0.430000007152557,5.61999988555908
3977333714,4/26/2016,797,170,95,7,0,2.95000004768372,4.21999979019165,0.449999988079071
3977333714,4/27/2016,714,176,10,0,0,4.61999988555908,0.419999986886978,0
3977333714,4/28/2016,804,190,8,15,0,3.22000002861023,0.28999999165535,1.37000000476837
3977333714,4/29/2016,744,150,32,36,0,2.71000003814697,1.29999995231628,3.74000000953674
3977333714,4/30/2016,687,194,52,43,0,3.41000008583069,2.09999990463257,3.69000005722046
3977333714,5/1/2016,691,124,40,41,0,2.41000008583069,1.98000001907349,2.67000007629395
3977333714,5/2/2016,713,176,143,24,0,3.01999998092651,6.48000001907349,1.53999996185303
3977333714,5/3/2016,594,258,41,47,0,4.53000020980835,1.74000000953674,3.3199999332428
3977333714,5/4/2016,852,142,96,14,0,2.89000010490417,4.57999992370605,1.80999994277954
3977333714,5/5/2016,680,178,88,14,0,2.71000003814697,4.1100001335144,1.75999999046326
3977333714,5/6/2016,676,168,55,29,0,2.67000007629395,2.50999999046326,3.10999989509583
3977333714,5/7/2016,703,208,86,0,0,3.58999991416931,4.13000011444092,0
3977333714,5/8/2016,688,171,116,9,0,3.17000007629395,5.23999977111816,0.680000007152557
3977333714,5/9/2016,1159,151,122,8,0,3.54999995231628,5.59999990463257,0.769999980926514
3977333714,5/10/2016,676,196,115,1,0,3.30999994277954,5.40000009536743,0.0700000002980232
3977333714,5/11/2016,13,9,0,4,0,0.129999995231628,0,0.370000004768372
4020332650,4/12/2016,712,331,15,4,0,5.67999982833862,0.239999994635582,0.150000005960464
4020332650,4/13/2016,1440,0,0,0,0,0,0,0
4020332650,4/14/2016,1437,3,0,0,0,0.0299999993294477,0,0
4020332650,4/15/2016,1299,87,18,36,0,0.769999980926514,0.360000014305115,0.209999993443489
4020332650,4/16/2016,1222,55,21,65,0,0.589999973773956,0.370000004768372,0.449999988079071
4020332650,4/17/2016,1438,2,0,0,0,0.00999999977648258,0,0
4020332650,4/18/2016,1438,2,0,0,0,0.0399999991059303,0,0
4020332650,4/19/2016,1440,0,0,0,0,0,0,0
4020332650,4/20/2016,1440,0,0,0,0,0,0,0
4020332650,4/21/2016,1440,0,0,0,0,0,0,0
4020332650,4/22/2016,1440,0,0,0,0,0,0,0
4020332650,4/23/2016,1440,0,0,0,0,0,0,0
4020332650,4/24/2016,1440,0,0,0,0,0,0,0
4020332650,4/25/2016,1440,0,0,0,0,0,0,0
4020332650,4/26/2016,1440,0,0,0,0,0,0,0
4020332650,4/27/2016,1440,0,0,0,0,0,0,0
4020332650,4/28/2016,1440,0,0,0,0,0,0,0
4020332650,4/29/2016,1440,0,0,0,0,0,0,0
4020332650,4/30/2016,1440,0,0,0,0,0,0,0
4020332650,5/1/2016,1440,0,0,0,0,0,0,0
4020332650,5/2/2016,1350,31,11,0,0,0.28999999165535,0.0399999991059303,0
4020332650,5/3/2016,950,174,0,0,0.0500000007450581,3.15000009536743,0,0
4020332650,5/4/2016,531,346,46,13,0,5.57999992370605,1.03999996185303,0.670000016689301
4020332650,5/5/2016,916,196,42,38,0.0700000002980232,4.03999996185303,1.67999994754791,2.61999988555908
4020332650,5/6/2016,855,177,0,0,0.00999999977648258,3.09999990463257,0,0
4020332650,5/7/2016,1256,184,0,0,0,3.57999992370605,0,0
4020332650,5/8/2016,775,263,0,0,0,4.15000009536743,0,0
4020332650,5/9/2016,1225,173,5,3,0,2.94000005722046,0.119999997317791,0.200000002980232
4020332650,5/10/2016,774,206,0,0,0.0399999991059303,3.86999988555908,0,0
4020332650,5/11/2016,1296,134,8,2,0,2.32999992370605,0.170000001788139,0.109999999403954
4020332650,5/12/2016,721,21,0,0,0,0.409999996423721,0,0
4057192912,4/12/2016,1276,164,0,0,0,3.94000005722046,0,0
4057192912,4/13/2016,1280,160,0,0,0,4.36999988555908,0,0
4057192912,4/14/2016,1440,0,0,0,0,0,0,0
4057192912,4/15/2016,873,88,6,3,0,2.44000005722046,0.259999990463257,0.209999993443489
4319703577,4/12/2016,1440,0,0,0,0,0,0,0
4319703577,4/13/2016,1234,96,15,8,0,1.30999994277954,0.589999973773956,0.529999971389771
4319703577,4/14/2016,589,339,9,1,0,6.44000005722046,0.330000013113022,0.109999999403954
4319703577,4/15/2016,752,228,0,0,0,3.79999995231628,0,0
4319703577,4/16/2016,724,194,0,0,0,3.1800000667572,0,0
4319703577,4/17/2016,1363,3,0,0,0,0.0199999995529652,0,0
4319703577,4/18/2016,824,58,9,1,0,1.12000000476837,0.330000013113022,0.0700000002980232
4319703577,4/19/2016,604,311,0,0,0,5.98999977111816,0,0
4319703577,4/20/2016,671,306,18,0,0,5.30999994277954,0.680000007152557,0
4319703577,4/21/2016,1265,34,0,0,0,0.349999994039536,0,0
4319703577,4/22/2016,709,176,19,1,0,2.15000009536743,0.810000002384186,0.0599999986588955
4319703577,4/23/2016,546,233,0,0,0,3.30999994277954,0,0
4319703577,4/24/2016,692,191,5,1,0,2.47000002861023,0.200000002980232,0.0599999986588955
4319703577,4/25/2016,544,390,8,0,0,5.92999982833862,0.280000001192093,0
4319703577,4/26/2016,649,288,21,8,0,5.15000009536743,0.920000016689301,0.569999992847443
4319703577,4/27/2016,680,300,47,6,0,4.90999984741211,1.91999995708466,0.409999996423721
4319703577,4/28/2016,552,359,8,13,0,5.94000005722046,0.330000013113022,1.00999999046326
4319703577,4/29/2016,624,289,18,6,0,4.11999988555908,0.790000021457672,0.449999988079071
4319703577,4/30/2016,695,196,38,6,0,3.50999999046326,1.61000001430511,0.400000005960464
4319703577,5/1/2016,836,67,0,0,0,0.839999973773956,0,0
4319703577,5/2/2016,585,344,11,0,0,5.71000003814697,0.439999997615814,0
4319703577,5/3/2016,669,287,26,8,0,4.82999992370605,1.07000005245209,0.579999983310699
4319703577,5/4/2016,1106,313,13,8,0,5.84999990463257,0.579999983310699,0.589999973773956
4319703577,5/5/2016,957,328,34,27,0,5.44999980926514,1.4099999666214,2.63000011444092
4319703577,5/6/2016,692,314,11,6,0,5.46000003814697,0.469999998807907,0.409999996423721
4319703577,5/7/2016,586,279,28,3,0,4.07999992370605,1.04999995231628,0.189999997615814
4319703577,5/8/2016,603,153,0,0,0,2.46000003814697,0,0
4319703577,5/9/2016,490,374,14,2,0,6.25,0.560000002384186,0.140000000596046
4319703577,5/10/2016,555,329,12,3,0,5.69999980926514,0.46000000834465,0.209999993443489
4319703577,5/11/2016,574,311,18,3,0,5.17999982833862,0.740000009536743,0.200000002980232
4319703577,5/12/2016,0,2,0,0,0,0.00999999977648258,0,0
4388161847,4/12/2016,1440,0,0,0,0,0,0,0
4388161847,4/13/2016,1275,150,14,1,0,3.88000011444092,0.629999995231628,0.0599999986588955
4388161847,4/14/2016,945,219,35,10,0,5.61999988555908,1.07000005245209,0.129999995231628
4388161847,4/15/2016,837,299,0,0,0,6.73000001907349,0,0
4388161847,4/16/2016,609,253,9,6,0,4.44999980926514,0.400000005960464,0.209999993443489
4388161847,4/17/2016,721,201,0,0,0,3.57999992370605,0,0
4388161847,4/18/2016,1017,239,8,27,0,5.1399998664856,0.400000005960464,3.55999994277954
4388161847,4/19/2016,704,249,16,20,0,5.76999998092651,0.689999997615814,1.37000000476837
4388161847,4/20/2016,696,228,42,19,0,5.28999996185303,1.72000002861023,1.10000002384186
4388161847,4/21/2016,853,272,12,7,0,6.98000001907349,0.389999985694885,0.370000004768372
4388161847,4/22/2016,945,220,25,77,0,4.92000007629395,1.11000001430511,3.29999995231628
4388161847,4/23/2016,749,215,5,58,0,5.34999990463257,0.319999992847443,4.5
4388161847,4/24/2016,584,239,8,14,0,6.30000019073486,0.509999990463257,1.08000004291534
4388161847,4/25/2016,1054,301,31,11,0,7.84000015258789,1.39999997615814,0.730000019073486
4388161847,4/26/2016,673,224,23,14,0,5.26999998092651,1.05999994277954,0.939999997615814
4388161847,4/27/2016,684,241,48,11,0,5.3899998664856,2.50999999046326,0.699999988079071
4388161847,4/28/2016,878,234,9,19,0,6.03000020980835,0.430000007152557,1.28999996185303
4388161847,4/29/2016,1175,236,16,13,0,5.42000007629395,0.889999985694885,0.800000011920929
4388161847,4/30/2016,537,300,43,14,0,6.94000005722046,2,0.699999988079071
4388161847,5/1/2016,579,241,15,12,0,6.19999980926514,0.680000007152557,1.00999999046326
4388161847,5/2/2016,935,204,4,33,0,4.55000019073486,0.0799999982118607,3.76999998092651
4388161847,5/3/2016,984,306,18,18,0,7.88000011444092,0.779999971389771,1.12999999523163
4388161847,5/4/2016,632,251,21,35,0,5.80000019073486,0.930000007152557,2.78999996185303
4388161847,5/5/2016,896,199,39,12,0,5.09000015258789,1.66999995708466,0.629999995231628
4388161847,5/6/2016,1100,262,45,33,0,5.92999982833862,2.08999991416931,2.10999989509583
4388161847,5/7/2016,508,260,56,120,0,5.32999992370605,2.76999998092651,9.44999980926514
4388161847,5/8/2016,576,178,38,107,0,3.23000001907349,1.25999999046326,9.89000034332275
4388161847,5/9/2016,1020,258,19,6,0,6.78999996185303,0.730000019073486,0.340000003576279
4388161847,5/10/2016,648,267,14,13,0,6.46000003814697,0.649999976158142,0.810000002384186
4388161847,5/11/2016,858,256,18,8,0,6.53000020980835,0.790000021457672,0.529999971389771
4388161847,5/12/2016,825,108,0,0,0,2.58999991416931,0,0
4445114986,4/12/2016,787,196,0,0,0,2.20000004768372,0,0
4445114986,4/13/2016,840,194,0,0,0,1.99000000953674,0,0
4445114986,4/14/2016,717,231,0,0,0,2.67000007629395,0,0
4445114986,4/15/2016,711,350,0,0,0,4.82999992370605,0,0
4445114986,4/16/2016,716,225,0,0,0,2.65000009536743,0,0
4445114986,4/17/2016,1219,114,0,0,0,1.51999998092651,0,0
4445114986,4/18/2016,1247,162,6,25,0,1.95000004768372,0.28999999165535,2
4445114986,4/19/2016,895,121,0,0,0,1.38999998569489,0,0
4445114986,4/20/2016,841,137,0,0,0,1.38999998569489,0,0
4445114986,4/21/2016,756,215,0,0,0,2.53999996185303,0,0
4445114986,4/22/2016,706,317,0,0,0,4.57999992370605,0,0
4445114986,4/23/2016,1239,201,0,0,0,2.9300000667572,0,0
4445114986,4/24/2016,1196,244,0,0,0,3.35999989509583,0,0
4445114986,4/25/2016,916,179,0,0,0,2.26999998092651,0,0
4445114986,4/26/2016,839,180,1,29,0,1.96000003814697,0.0399999991059303,2.41000008583069
4445114986,4/27/2016,839,194,1,32,0,2.38000011444092,0.0299999993294477,2.61999988555908
4445114986,4/28/2016,762,236,0,0,0,3.00999999046326,0,0
4445114986,4/29/2016,1106,226,0,0,0,3.13000011444092,0,0
4445114986,4/30/2016,797,290,0,0,0,4.17999982833862,0,0
4445114986,5/1/2016,741,240,0,0,0,3.50999999046326,0,0
4445114986,5/2/2016,667,200,4,27,0,2.34999990463257,0.189999997615814,2.21000003814697
4445114986,5/3/2016,725,233,2,30,0,2.57999992370605,0.109999999403954,2.48000001907349
4445114986,5/4/2016,897,180,0,0,0,1.96000003814697,0,0
4445114986,5/5/2016,734,185,6,2,0,2.1800000667572,0.239999994635582,0.119999997317791
4445114986,5/6/2016,809,229,0,0,0,3.02999997138977,0,0
4445114986,5/7/2016,866,108,4,26,0,1.25,0.189999997615814,2.13000011444092
4445114986,5/8/2016,733,308,8,0,0,4.65000009536743,0.25,0
4445114986,5/9/2016,641,266,0,0,0,3.53999996185303,0,0
4445114986,5/10/2016,783,231,0,0,0,2.63000011444092,0,0
4445114986,5/11/2016,622,232,22,34,0,2.85999989509583,1,2.25
4445114986,5/12/2016,380,58,0,0,0,0.519999980926514,0,0
4558609924,4/12/2016,1122,318,0,0,0,3.39000010490417,0,0
4558609924,4/13/2016,1287,127,7,19,0,1.61000001430511,0.439999997615814,1.24000000953674
4558609924,4/14/2016,1161,279,0,0,0,4.48999977111816,0,0
4558609924,4/15/2016,1131,262,30,17,0,3.73000001907349,0.839999973773956,0.589999973773956
4558609924,4/16/2016,1112,308,12,8,0,3.5,0.75,0.550000011920929
4558609924,4/17/2016,1110,304,19,7,0,4.71000003814697,1.13999998569489,0.550000011920929
4558609924,4/18/2016,1080,331,15,14,0,4,0.930000007152557,0.980000019073486
4558609924,4/19/2016,1182,248,9,1,0,3.16000008583069,0.360000014305115,0.0500000007450581
4558609924,4/20/2016,1218,222,0,0,0,3.17000007629395,0,0
4558609924,4/21/2016,844,432,21,6,0,7.69999980926514,0.970000028610229,0.419999986886978
4558609924,4/22/2016,1122,273,25,20,0,3.47000002861023,1.5,1.37000000476837
4558609924,4/23/2016,1122,308,5,5,0,4.01000022888184,0.200000002980232,0.340000003576279
4558609924,4/24/2016,1045,395,0,0,0,5.65000009536743,0,0
4558609924,4/25/2016,993,340,10,18,0,4.51000022888184,0.25,0.589999973773956
4558609924,4/26/2016,1062,283,41,12,0,3.58999991416931,2.02999997138977,0.430000007152557
4558609924,4/27/2016,1087,312,14,27,0,3.46000003814697,0.889999985694885,1.96000003814697
4558609924,4/28/2016,985,367,11,1,0,5.94999980926514,0.270000010728836,0.0199999995529652
4558609924,4/29/2016,1096,197,29,15,0,2.30999994277954,1.85000002384186,1.01999998092651
4558609924,4/30/2016,1111,293,29,7,0,4.46000003814697,1.88999998569489,0.469999998807907
4558609924,5/1/2016,1121,190,0,0,0,2.26999998092651,0,0
4558609924,5/2/2016,1057,383,0,0,0,5.21999979019165,0,0
4558609924,5/3/2016,1172,237,10,21,0,2.59999990463257,0.280000001192093,0.600000023841858
4558609924,5/4/2016,1188,252,0,0,0,3.46000003814697,0,0
4558609924,5/5/2016,1048,370,8,14,0,5.51000022888184,0.5,1.00999999046326
4558609924,5/6/2016,1238,202,0,0,0,2.48000001907349,0,0
4558609924,5/7/2016,1116,233,16,23,0,2.82999992370605,1,1.61000001430511
4558609924,5/8/2016,1019,238,35,66,0,2.01999998092651,0.5,1.79999995231628
4558609924,5/9/2016,1065,339,30,6,0,5.51999998092651,1.62000000476837,0.430000007152557
4558609924,5/10/2016,1191,220,18,11,0,2.39000010490417,1.12000000476837,0.740000009536743
4558609924,5/11/2016,1081,324,31,4,0,3.94000005722046,1.82000005245209,0.259999990463257
4558609924,5/12/2016,736,247,0,0,0,4.17000007629395,0,0
4702921684,4/12/2016,718,263,0,0,0,5.84999990463257,0,0
4702921684,4/13/2016,777,258,0,0,0,5.57999992370605,0,0
4702921684,4/14/2016,772,271,0,0,0,6.36999988555908,0,0
4702921684,4/15/2016,944,256,8,1,0,4.78999996185303,0.419999986886978,0.0700000002980232
4702921684,4/16/2016,556,335,24,3,0,7.53999996185303,1.25,0.239999994635582
4702921684,4/17/2016,437,302,66,12,0,5.88000011444092,3.46000003814697,0.959999978542328
4702921684,4/18/2016,890,191,30,22,0,4.07000017166138,1.49000000953674,1.82000005245209
4702921684,4/19/2016,757,179,8,10,0,4.19000005722046,0.370000004768372,0.879999995231628
4702921684,4/20/2016,717,260,29,2,0,5.73000001907349,1.23000001907349,0.159999996423721
4702921684,4/21/2016,901,144,41,4,0,2.94000005722046,2.04999995231628,0.310000002384186
4702921684,4/22/2016,1341,72,0,0,0,1.35000002384186,0,0
4702921684,4/23/2016,469,408,66,9,0,8.27000045776367,3.24000000953674,0.759999990463257
4702921684,4/24/2016,542,281,95,15,0,5.88000011444092,5.11999988555908,1.20000004768372
4702921684,4/25/2016,730,270,15,6,0,6.1100001335144,0.819999992847443,0.490000009536743
4702921684,4/26/2016,765,216,8,1,0,4.53999996185303,0.349999994039536,0.0700000002980232
4702921684,4/27/2016,733,238,16,1,0,4.78000020980835,0.800000011920929,0.0900000035762787
4702921684,4/28/2016,738,232,9,14,0,5.76999998092651,0.419999986886978,1.12999999523163
4702921684,4/29/2016,692,267,19,12,0,6.07000017166138,0.920000016689301,1.05999994277954
4702921684,4/30/2016,728,263,36,4,0,5.88000011444092,2.02999997138977,0.319999992847443
4702921684,5/1/2016,1440,0,0,0,0,0,0,0
4702921684,5/2/2016,1131,195,40,5,0,3.75999999046326,1.74000000953674,0.379999995231628
4702921684,5/3/2016,729,313,0,0,0,7.67000007629395,0,0
4702921684,5/4/2016,757,251,15,4,0,5.53999996185303,0.730000019073486,0.340000003576279
4702921684,5/5/2016,745,241,5,8,0,6.09000015258789,0.219999998807907,0.670000016689301
4702921684,5/6/2016,682,207,16,1,0,4.86999988555908,0.660000026226044,0.0799999982118607
4702921684,5/7/2016,577,439,46,5,0,8.97000026702881,2.30999994277954,0.370000004768372
4702921684,5/8/2016,1019,192,125,9,0,3.53999996185303,6.21000003814697,0.680000007152557
4702921684,5/9/2016,746,253,12,0,0,6.09999990463257,0.569999992847443,0
4702921684,5/10/2016,701,262,37,1,0,6.65000009536743,1.87999999523163,0.0799999982118607
4702921684,5/11/2016,784,235,41,10,0,4.98000001907349,2.16000008583069,0.779999971389771
4702921684,5/12/2016,241,68,0,0,0,2.23000001907349,0,0
5553957443,4/12/2016,767,277,13,19,0,5.40999984741211,0.790000021457672,1.37000000476837
5553957443,4/13/2016,647,226,0,0,0,3.16000008583069,0,0
5553957443,4/14/2016,693,256,41,61,0,4.67000007629395,2.45000004768372,4
5553957443,4/15/2016,689,239,38,58,0,4.71000003814697,1.98000001907349,4.15999984741211
5553957443,4/16/2016,521,288,0,0,0,3.76999998092651,0,0
5553957443,4/17/2016,943,46,0,0,0,0.430000007152557,0,0
5553957443,4/18/2016,622,206,0,0,0,2.4300000667572,0,0
5553957443,4/19/2016,756,249,28,69,0,4.17999982833862,1.6599999666214,4.28000020980835
5553957443,4/20/2016,598,148,0,0,0,1.76999998092651,0,0
5553957443,4/21/2016,801,177,42,47,0,2.96000003814697,2.16000008583069,2.95000004768372
5553957443,4/22/2016,781,270,16,25,0,5.59999990463257,0.629999995231628,1.37999999523163
5553957443,4/23/2016,443,272,0,0,0,2.6800000667572,0,0
5553957443,4/24/2016,582,104,0,0,0,1.17999994754791,0,0
5553957443,4/25/2016,732,201,11,51,0,3.69000005722046,0.569999992847443,2.9300000667572
5553957443,4/26/2016,750,238,18,40,0,4.46000003814697,0.930000007152557,2.36999988555908
5553957443,4/27/2016,745,206,16,16,0,4.73999977111816,1,1.13999998569489
5553957443,4/28/2016,727,165,13,49,0,3.17000007629395,0.75,3.71000003814697
5553957443,4/29/2016,709,270,15,46,0,4.90999984741211,0.639999985694885,2.78999996185303
5553957443,4/30/2016,506,84,0,0,0,0.779999971389771,0,0
5553957443,5/1/2016,436,237,0,0,0,3.36999988555908,0,0
5553957443,5/2/2016,724,227,9,23,0,4.90000009536743,0.409999996423721,1.05999994277954
5553957443,5/3/2016,812,247,29,26,0,5.67999982833862,1.20000004768372,1.5
5553957443,5/4/2016,651,224,0,0,0,2.76999998092651,0,0
5553957443,5/5/2016,692,241,29,44,0,4.42999982833862,1.6599999666214,3.4300000667572
5553957443,5/6/2016,761,229,9,21,0,4.23000001907349,0.540000021457672,1.51999998092651
5553957443,5/7/2016,902,96,0,0,0,1.22000002861023,0,0
5553957443,5/8/2016,505,210,8,3,0,3.29999995231628,0.469999998807907,0.219999998807907
5553957443,5/9/2016,667,251,22,59,0,4.55999994277954,0.889999985694885,2.13000011444092
5553957443,5/10/2016,707,265,40,61,0,5.19999980926514,1.61000001430511,3.86999988555908
5553957443,5/11/2016,628,195,0,0,0,3.22000002861023,0,0
5553957443,5/12/2016,222,48,6,8,0,1.05999994277954,0.400000005960464,0.579999983310699
5577150313,4/12/2016,728,140,16,86,0,2.09999990463257,0.379999995231628,3.59999990463257
5577150313,4/13/2016,776,144,11,15,0,3.25,0.219999998807907,0.319999992847443
5577150313,4/14/2016,662,176,30,118,0,2.77999997138977,0.310000002384186,3.32999992370605
5577150313,4/15/2016,695,199,54,115,0,3.55999994277954,1.60000002384186,3.92000007629395
5577150313,4/16/2016,472,158,56,184,0,2.73000001907349,1.27999997138977,6.6399998664856
5577150313,4/17/2016,525,159,37,200,0,2.3199999332428,0.829999983310699,5.98000001907349
5577150313,4/18/2016,623,130,32,114,0,1.82000005245209,0.720000028610229,4.8600001335144
5577150313,4/19/2016,733,111,23,108,0,1.75999999046326,0.639999985694885,7.01999998092651
5577150313,4/20/2016,773,113,16,87,0,1.75999999046326,0.340000003576279,4.11999988555908
5577150313,4/21/2016,670,175,74,110,0,2.77999997138977,1.6599999666214,3.65000009536743
5577150313,4/22/2016,823,200,30,62,0,3.29999995231628,0.790000021457672,2.42000007629395
5577150313,4/23/2016,627,223,24,24,0,4.1399998664856,0.360000014305115,1.21000003814697
5577150313,4/24/2016,425,141,65,210,0,1.98000001907349,2.15000009536743,7.65000009536743
5577150313,4/25/2016,743,214,38,61,0,2.75999999046326,0.670000016689301,1.35000002384186
5577150313,4/26/2016,759,181,32,38,0,2.47000002861023,0.649999976158142,0.850000023841858
5577150313,4/27/2016,773,190,16,63,0,2.9300000667572,0.400000005960464,1.80999994277954
5577150313,4/28/2016,692,141,51,99,0,3.00999999046326,1.16999995708466,3.25
5577150313,4/29/2016,739,165,36,97,0,2.47000002861023,0.610000014305115,2.83999991416931
5577150313,4/30/2016,621,163,45,207,0,2.60999989509583,0.790000021457672,5.82999992370605
5577150313,5/1/2016,499,178,72,194,0,3.24000000953674,1.44000005722046,5.30999994277954
5577150313,5/2/2016,732,235,20,37,0,4.07000017166138,0.349999994039536,1.12000000476837
5577150313,5/3/2016,580,212,8,97,0,3.5699999332428,0.150000005960464,4.51999998092651
5577150313,5/4/2016,631,141,9,25,0,2.07999992370605,0.25,1.55999994277954
5577150313,5/5/2016,1153,143,21,45,0,2.67000007629395,0.469999998807907,2.5
5577150313,5/6/2016,1304,79,16,41,0,1.45000004768372,0.319999992847443,1.92999994754791
5577150313,5/7/2016,1440,0,0,0,0,0,0,0
5577150313,5/8/2016,1440,0,0,0,0,0,0,0
5577150313,5/9/2016,1099,70,11,34,0,0.990000009536743,0.140000000596046,1.42999994754791
5577150313,5/10/2016,639,194,37,104,0,3.34999990463257,0.75,2.55999994277954
5577150313,5/11/2016,257,63,15,45,0,0.889999985694885,0.300000011920929,1.83000004291534
6117666160,4/12/2016,1440,0,0,0,0,0,0,0
6117666160,4/13/2016,1440,0,0,0,0,0,0,0
6117666160,4/14/2016,1440,0,0,0,0,0,0,0
6117666160,4/15/2016,921,513,6,0,0,10.3000001907349,0.280000001192093,0
6117666160,4/16/2016,502,518,15,7,0,9.47999954223633,0.850000023841858,0.579999983310699
6117666160,4/17/2016,702,312,0,0,0,5.40000009536743,0,0
6117666160,4/18/2016,759,241,0,0,0,3.89000010490417,0,0
6117666160,4/19/2016,425,480,0,0,0,8.40999984741211,0,0
6117666160,4/20/2016,587,349,10,26,0,5.51999998092651,0.479999989271164,2.02999997138977
6117666160,4/21/2016,579,294,19,11,0,5.61999988555908,0.400000005960464,0.980000019073486
6117666160,4/22/2016,413,402,0,0,0,6.19999980926514,0,0
6117666160,4/23/2016,468,512,0,0,0,8.68000030517578,0,0
6117666160,4/24/2016,711,362,0,0,0,5.76000022888184,0,0
6117666160,4/25/2016,1440,0,0,0,0,0,0,0
6117666160,4/26/2016,1077,352,7,0,0,6.86999988555908,0.340000003576279,0
6117666160,4/27/2016,417,458,0,0,0,7.1100001335144,0,0
6117666160,4/28/2016,758,141,0,0,0,2.59999990463257,0,0
6117666160,4/29/2016,479,461,0,0,0,7.23999977111816,0,0
6117666160,4/30/2016,1040,343,0,0,0,5.28000020980835,0,0
6117666160,5/1/2016,525,397,0,0,0,6.73000001907349,0,0
6117666160,5/2/2016,1204,236,0,0,0,3.73000001907349,0,0
6117666160,5/3/2016,1440,0,0,0,0,0,0,0
6117666160,5/4/2016,1279,156,0,0,0,2.25999999046326,0,0
6117666160,5/5/2016,479,487,0,0,0,7.40000009536743,0,0
6117666160,5/6/2016,673,133,0,0,0,2.6800000667572,0,0
6117666160,5/7/2016,456,412,0,0,0,5.53999996185303,0,0
6117666160,5/8/2016,517,318,0,0,0,5.53000020980835,0,0
6117666160,5/9/2016,125,197,0,0,0,3.38000011444092,0,0
6290855005,4/12/2016,1241,199,0,0,0,3.45000004768372,0,0
6290855005,4/13/2016,1090,350,0,0,0.00999999977648258,5.3899998664856,0,0
6290855005,4/14/2016,1077,363,0,0,0.0299999993294477,5.76999998092651,0,0
6290855005,4/15/2016,1112,328,0,0,0.00999999977648258,7.17000007629395,0,0
6290855005,4/16/2016,1182,258,0,0,0.00999999977648258,6.26999998092651,0,0
6290855005,4/17/2016,1172,225,12,31,0,4,0.790000021457672,1.13999998569489
6290855005,4/18/2016,1169,271,0,0,0.0199999995529652,5.19000005722046,0,0
6290855005,4/19/2016,1119,321,0,0,0.00999999977648258,5.3899998664856,0,0
6290855005,4/20/2016,1182,258,0,0,0.00999999977648258,4.80000019073486,0,0
6290855005,4/21/2016,1440,0,0,0,0,0,0,0
6290855005,4/22/2016,1138,302,0,0,0,4.71999979019165,0,0
6290855005,4/23/2016,1407,0,0,33,0,0,0,0
6290855005,4/24/2016,1182,258,0,0,0,4.46000003814697,0,0
6290855005,4/25/2016,1180,249,3,8,0.00999999977648258,5.03000020980835,0.180000007152557,0.680000007152557
6290855005,4/26/2016,1440,0,0,0,0,0,0,0
6290855005,4/27/2016,1153,287,0,0,0.0299999993294477,4.17999982833862,0,0
6290855005,4/28/2016,1185,255,0,0,0,4.32999992370605,0,0
6290855005,4/29/2016,1440,0,0,0,0,0,0,0
6290855005,4/30/2016,1116,324,0,0,0.00999999977648258,5.09000015258789,0,0
6290855005,5/1/2016,1055,282,95,8,0.0199999995529652,4,2.75,0.660000026226044
6290855005,5/2/2016,1172,268,0,0,0.0199999995529652,5.1100001335144,0,0
6290855005,5/3/2016,1200,240,0,0,0,4.57000017166138,0,0
6290855005,5/4/2016,1168,272,0,0,0.00999999977648258,4.40000009536743,0,0
6290855005,5/5/2016,1201,239,0,0,0,4.78999996185303,0,0
6290855005,5/6/2016,1135,305,0,0,0.0299999993294477,4.59000015258789,0,0
6290855005,5/7/2016,1213,227,0,0,0,4.15999984741211,0,0
6290855005,5/8/2016,1189,251,0,0,0,5.82000017166138,0,0
6290855005,5/9/2016,800,264,0,0,0.0199999995529652,4.73000001907349,0,0
6290855005,5/10/2016,1440,0,0,0,0,0,0,0
6775888955,4/12/2016,1440,0,0,0,0,0,0,0
6775888955,4/13/2016,1053,85,18,17,0,1.22000002861023,0.579999983310699,1.11000001430511
6775888955,4/14/2016,863,105,24,14,0,1.97000002861023,0.860000014305115,0.870000004768372
6775888955,4/15/2016,976,58,0,0,0,0.920000016689301,0,0
6775888955,4/16/2016,1377,9,18,36,0,0.0599999986588955,0.810000002384186,2.51999998092651
6775888955,4/17/2016,1392,19,24,5,0,0.310000002384186,1.12999999523163,0.349999994039536
6775888955,4/18/2016,1233,146,31,30,0,3.17000007629395,0.769999980926514,2
6775888955,4/19/2016,1440,0,0,0,0,0,0,0
6775888955,4/20/2016,1079,178,113,70,0,2.22000002861023,1.74000000953674,3.76999998092651
6775888955,4/21/2016,1440,0,0,0,0,0,0,0
6775888955,4/22/2016,1420,20,0,0,0,0.46000000834465,0,0
6775888955,4/23/2016,1440,0,0,0,0,0,0,0
6775888955,4/24/2016,1400,11,18,11,0,0.150000005960464,0.620000004768372,0.769999980926514
6775888955,4/25/2016,1302,92,13,33,0,1.89999997615814,0.46000000834465,2.26999998092651
6775888955,4/26/2016,1321,47,30,42,0,0.730000019073486,0.870000004768372,3.48000001907349
6775888955,4/27/2016,1440,0,0,0,0,0,0,0
6775888955,4/28/2016,1410,15,13,2,0,0.239999994635582,0.200000002980232,0.0599999986588955
6775888955,4/29/2016,1440,0,0,0,0,0,0,0
6775888955,4/30/2016,1344,84,9,3,0,1.48000001907349,0.159999996423721,0.159999996423721
6775888955,5/1/2016,1347,50,34,9,0,0.680000007152557,0.620000004768372,0.479999989271164
6775888955,5/2/2016,1440,0,0,0,0,0,0,0
6775888955,5/3/2016,1439,1,0,0,0,0.00999999977648258,0,0
6775888955,5/4/2016,1440,0,0,0,0,0,0,0
6775888955,5/5/2016,1440,0,0,0,0,0,0,0
6775888955,5/6/2016,1318,75,35,12,0,1.92999994754791,0.930000007152557,0.469999998807907
6775888955,5/7/2016,551,49,5,2,0,1.04999995231628,0.239999994635582,0.129999995231628
6962181067,4/12/2016,796,189,14,50,0,2.50999999046326,0.829999983310699,3.40000009536743
6962181067,4/13/2016,548,142,24,8,0,1.96000003814697,1.21000003814697,0.569999992847443
6962181067,4/14/2016,862,86,0,0,0,1.02999997138977,0,0
6962181067,4/15/2016,837,217,0,0,0,3.6800000667572,0,0
6962181067,4/16/2016,741,280,3,50,0,4.88000011444092,0.189999997615814,3.66000008583069
6962181067,4/17/2016,634,295,13,5,0,5.69000005722046,0.680000007152557,0.330000013113022
6962181067,4/18/2016,689,238,42,13,0,4.32000017166138,2.39000010490417,0.829999983310699
6962181067,4/19/2016,659,195,41,35,0,2.86999988555908,2.13000011444092,2.09999990463257
6962181067,4/20/2016,639,297,4,48,0,5.09000015258789,0.189999997615814,4.28000020980835
6962181067,4/21/2016,708,214,27,53,0.109999999403954,3.50999999046326,2.09999990463257,3.99000000953674
6962181067,4/22/2016,659,240,33,30,0,3.76999998092651,1.54999995231628,1.76999998092651
6962181067,4/23/2016,484,347,41,58,0,7.03999996185303,2,4.19999980926514
6962181067,4/24/2016,720,199,0,0,0,3.3199999332428,0,0
6962181067,4/25/2016,637,282,31,35,0.100000001490116,4.46000003814697,1.67999994754791,3.01999998092651
6962181067,4/26/2016,680,254,7,36,0,3.90000009536743,0.419999986886978,2.57999992370605
6962181067,4/27/2016,697,279,38,7,0,4.25,2.01999998092651,0.550000011920929
6962181067,4/28/2016,621,288,8,38,0,5.59000015258789,0.239999994635582,2.50999999046326
6962181067,4/29/2016,645,369,15,12,0,5.80999994277954,0.479999989271164,0.819999992847443
6962181067,4/30/2016,731,237,16,32,0,3.67000007629395,0.759999990463257,2.24000000953674
6962181067,5/1/2016,722,215,0,0,0,3.60999989509583,0,0
6962181067,5/2/2016,655,313,39,18,0,5.34000015258789,2,1.20000004768372
6962181067,5/3/2016,654,267,36,21,0,4.32999992370605,2.03999996185303,1.74000000953674
6962181067,5/4/2016,683,284,36,15,0,4.55000019073486,1.67999994754791,0.469999998807907
6962181067,5/5/2016,591,305,22,14,0,4.80999994277954,1.1599999666214,0.990000009536743
6962181067,5/6/2016,717,299,0,0,0,3.91000008583069,0,0
6962181067,5/7/2016,745,328,0,0,0,4.5,0,0
6962181067,5/8/2016,709,151,14,0,0,2.25,0.519999980926514,0
6962181067,5/9/2016,607,231,21,43,0,3.65000009536743,1.17999994754791,3.90000009536743
6962181067,5/10/2016,626,275,34,62,0,4.98999977111816,1.75,3.47000002861023
6962181067,5/11/2016,709,199,7,24,0,2.65000009536743,0.310000002384186,1.49000000953674
6962181067,5/12/2016,127,105,8,0,0,2.10999989509583,0.25,0
7007744171,4/12/2016,1024,355,8,53,0,5.40999984741211,0.379999995231628,4.5
7007744171,4/13/2016,1101,261,22,56,0,4.48000001907349,0.560000002384186,4.6100001335144
7007744171,4/14/2016,1096,304,6,34,0,4.96000003814697,0.340000003576279,2.95000004768372
7007744171,4/15/2016,1238,202,0,0,0,3.52999997138977,0,0
7007744171,4/16/2016,1155,203,0,0,0,3.09999990463257,0,0
7007744171,4/17/2016,1135,305,0,0,0,5.3899998664856,0,0
7007744171,4/18/2016,1077,284,31,48,0.0199999995529652,5.05000019073486,2.11999988555908,3.78999996185303
7007744171,4/19/2016,1066,304,17,53,0,5.30999994277954,0.759999990463257,4.40999984741211
7007744171,4/20/2016,1000,347,33,60,0,5.8600001335144,0.670000016689301,4.78999996185303
7007744171,4/21/2016,1049,327,34,30,0,5.17000007629395,1.87000000476837,2.15000009536743
7007744171,4/22/2016,1065,261,50,64,0,4.36999988555908,1.75999999046326,4.09999990463257
7007744171,4/23/2016,1190,223,25,2,0,4.15000009536743,1.12999999523163,0.129999995231628
7007744171,4/24/2016,1021,419,0,0,0,7.42000007629395,0,0
7007744171,4/25/2016,986,379,24,51,0,7.67000007629395,1.37000000476837,4.30999994277954
7007744171,4/26/2016,978,424,22,16,0,8.22999954223633,0.939999997615814,0.930000007152557
7007744171,4/27/2016,1041,337,12,50,0,5.28999996185303,0.660000026226044,4.26999998092651
7007744171,4/28/2016,1007,401,16,16,0,8.26000022888184,0.769999980926514,1.0900000333786
7007744171,4/29/2016,961,382,42,55,0,7.94999980926514,2.04999995231628,4.30999994277954
7007744171,4/30/2016,1240,200,0,0,0,2.51999998092651,0,0
7007744171,5/1/2016,1142,237,0,0,0,3.75,0,0
7007744171,5/2/2016,1112,250,14,64,0,3.82999992370605,0.699999988079071,4.6399998664856
7007744171,5/3/2016,1021,330,31,58,0,5.3600001335144,1.01999998092651,4.48000001907349
7007744171,5/4/2016,1440,0,0,0,0,0,0,0
7007744171,5/5/2016,1047,317,23,53,0,5.48000001907349,1.28999996185303,4.32999992370605
7007744171,5/6/2016,1136,247,13,44,0,3.85999989509583,0.810000002384186,3
7007744171,5/7/2016,111,0,0,0,0,0,0,0
7086361926,4/12/2016,745,153,6,59,0,2.97000002861023,0.150000005960464,5.26999998092651
7086361926,4/13/2016,744,155,26,31,0,2.83999991416931,0.209999993443489,0.560000002384186
7086361926,4/14/2016,787,189,32,35,0,3.66000008583069,0.330000013113022,2.02999997138977
7086361926,4/15/2016,864,139,21,30,0,2.52999997138977,1.11000001430511,2.03999996185303
7086361926,4/16/2016,1437,3,0,0,0,0.00999999977648258,0,0
7086361926,4/17/2016,1440,0,0,0,0,0,0,0
7086361926,4/18/2016,1136,114,51,61,0,2.30999994277954,1.22000002861023,3.17000007629395
7086361926,4/19/2016,671,124,69,67,0,2.50999999046326,1.23000001907349,3.52999997138977
7086361926,4/20/2016,797,145,13,87,0,2.53999996185303,0.449999988079071,7.6399998664856
7086361926,4/21/2016,758,206,6,19,0,4.51000022888184,0.300000011920929,1.36000001430511
7086361926,4/22/2016,762,153,59,58,0,2.67000007629395,0.970000028610229,2.86999988555908
7086361926,4/23/2016,1350,90,0,0,0,1.79999995231628,0,0
7086361926,4/24/2016,566,125,0,0,0,2.15000009536743,0,0
7086361926,4/25/2016,706,129,39,69,0,2.36999988555908,0.699999988079071,3.75
7086361926,4/26/2016,726,132,33,70,0,2.11999988555908,0.769999980926514,4.15999984741211
7086361926,4/27/2016,829,145,6,55,0,2.52999997138977,0.180000007152557,5.63000011444092
7086361926,4/28/2016,810,161,48,54,0,3.35999989509583,1.63999998569489,2.78999996185303
7086361926,4/29/2016,1198,182,36,24,0,4,0.449999988079071,0.490000009536743
7086361926,4/30/2016,584,308,17,42,0,5.23999977111816,1.03999996185303,3.11999988555908
7086361926,5/1/2016,685,258,15,30,0,4.84999990463257,0.899999976158142,2.29999995231628
7086361926,5/2/2016,737,139,26,66,0,2.66000008583069,0.660000026226044,3.48000001907349
7086361926,5/3/2016,761,152,36,57,0,3.16000008583069,0.850000023841858,2.74000000953674
7086361926,5/4/2016,843,135,12,45,0,2.90000009536743,0.119999997317791,5.28000020980835
7086361926,5/5/2016,1253,149,14,24,0,2.95000004768372,0.829999983310699,1.77999997138977
7086361926,5/6/2016,834,154,35,84,0,3.11999988555908,1.42999994754791,3.8199999332428
7086361926,5/7/2016,621,209,42,20,0,4.67999982833862,2.32999992370605,1.46000003814697
7086361926,5/8/2016,695,147,27,32,0,3.25,1.52999997138977,2.30999994277954
7086361926,5/9/2016,743,171,50,67,0,3.11999988555908,1.71000003814697,4.26000022888184
7086361926,5/10/2016,1182,106,23,72,0,2.45000004768372,1.20000004768372,7.1100001335144
7086361926,5/11/2016,757,128,40,57,0,2.23000001907349,1.38999998569489,2.89000010490417
7086361926,5/12/2016,343,58,4,5,0,1.88999998569489,0.270000010728836,0.379999995231628
8053475328,4/12/2016,1193,123,8,116,0,2.09999990463257,0.389999985694885,11.6400003433228
8053475328,4/13/2016,1177,156,12,95,0,2.45000004768372,0.469999998807907,10.4300003051758
8053475328,4/14/2016,1123,193,5,119,0,3.35999989509583,0.209999993443489,12.3400001525879
8053475328,4/15/2016,1142,158,8,132,0,2.58999991416931,0.389999985694885,13.2600002288818
8053475328,4/16/2016,1255,83,6,96,0,1.49000000953674,0.270000010728836,9.35999965667725
8053475328,4/17/2016,1113,195,21,111,0,3.64000010490417,0.800000011920929,9.23999977111816
8053475328,4/18/2016,1137,195,6,102,0,3.34999990463257,0.230000004172325,9.07999992370605
8053475328,4/19/2016,1152,191,7,90,0,2.95000004768372,0.310000002384186,9.22000026702881
8053475328,4/20/2016,695,158,5,89,0,2.38000011444092,0.230000004172325,9.57999992370605
8053475328,4/21/2016,1164,170,6,100,0,2.57999992370605,0.25,9.67000007629395
8053475328,4/22/2016,1260,117,3,60,0,1.87999999523163,0.150000005960464,6.26000022888184
8053475328,4/23/2016,741,223,14,125,0,4.01999998092651,0.629999995231628,12.539999961853
8053475328,4/24/2016,1096,182,33,129,0,3.25999999046326,1.54999995231628,13.1300001144409
8053475328,4/25/2016,1104,209,9,118,0,3.85999989509583,0.46000000834465,11.3699998855591
8053475328,4/26/2016,1182,185,5,68,0,3.09999990463257,0.200000002980232,6.30999994277954
8053475328,4/27/2016,1187,183,10,60,0,2.9300000667572,0.430000007152557,6.46000003814697
8053475328,4/28/2016,1188,153,9,90,0,2.34999990463257,0.389999985694885,9.67000007629395
8053475328,4/29/2016,1215,159,8,58,0,3.17000007629395,0.310000002384186,6.17000007629395
8053475328,4/30/2016,1281,131,1,27,0,2.53999996185303,0.0599999986588955,2.99000000953674
8053475328,5/1/2016,1389,51,0,0,0,0.850000023841858,0,0
8053475328,5/2/2016,1345,95,0,0,0,1.42999994754791,0,0
8053475328,5/3/2016,1166,165,22,87,0,2.58999991416931,0.930000007152557,8.39000034332275
8053475328,5/4/2016,1220,123,8,89,0,1.9099999666214,0.400000005960464,8.81999969482422
8053475328,5/5/2016,1208,130,9,93,0,2.21000003814697,0.449999988079071,8.85000038146973
8053475328,5/6/2016,1245,90,15,90,0,1.21000003814697,0.689999997615814,9.10000038146973
8053475328,5/7/2016,1076,148,20,121,0,2.34999990463257,0.879999995231628,12.4399995803833
8053475328,5/8/2016,1073,228,14,125,0,3.66000008583069,0.589999973773956,13.3999996185303
8053475328,5/9/2016,1214,148,12,66,0,2.69000005722046,0.569999992847443,6.11999988555908
8053475328,5/10/2016,1219,115,10,96,0,1.85000002384186,0.419999986886978,9.09000015258789
8053475328,5/11/2016,1189,184,7,60,0,3.03999996185303,0.280000001192093,6.07999992370605
8053475328,5/12/2016,839,39,4,28,0,0.759999990463257,0.200000002980232,2.95000004768372
8253242879,4/12/2016,1244,154,2,40,0,1.5900000333786,0.140000000596046,5.42999982833862
8253242879,4/13/2016,1298,96,11,35,0,1.30999994277954,0.629999995231628,4.17000007629395
8253242879,4/14/2016,1362,33,16,29,0,0.540000021457672,0.990000009536743,1.92999994754791
8253242879,4/15/2016,1335,105,0,0,0,1.75999999046326,0,0
8253242879,4/16/2016,1268,115,51,6,0,2.45000004768372,3.26999998092651,0.430000007152557
8253242879,4/17/2016,1237,157,5,41,0,2.32999992370605,0.150000005960464,5.42999982833862
8253242879,4/18/2016,1278,130,16,16,0,1.79999995231628,0.629999995231628,1.03999996185303
8253242879,4/19/2016,1276,164,0,0,0,2.77999997138977,0,0
8253242879,4/20/2016,1201,216,18,5,0.00999999977648258,3.10999989509583,0.819999992847443,0.330000013113022
8253242879,4/21/2016,1199,172,20,49,0,1.75,0.930000007152557,5.88000011444092
8253242879,4/22/2016,1320,120,0,0,0,1.87000000476837,0,0
8253242879,4/23/2016,1193,191,26,30,0,3.13000011444092,1.03999996185303,2.08999991416931
8253242879,4/24/2016,1313,82,4,41,0,1.3400000333786,0.189999997615814,5.59999990463257
8253242879,4/25/2016,1261,118,54,7,0,1.76999998092651,2.39000010490417,0.360000014305115
8253242879,4/26/2016,1299,108,14,19,0,1.37000000476837,0.490000009536743,1.17999994754791
8253242879,4/27/2016,1286,104,5,45,0,1.70000004768372,0.230000004172325,6.23999977111816
8253242879,4/28/2016,1393,20,16,11,0,0.340000003576279,0.779999971389771,0.670000016689301
8253242879,4/29/2016,1257,136,14,16,0,2.40000009536743,0.540000021457672,1.28999996185303
8253242879,4/30/2016,1440,0,0,0,0,0,0,0
8378563200,4/12/2016,723,156,15,65,0,4.5,0.709999978542328,0.829999983310699
8378563200,4/13/2016,680,169,14,116,0,4.21000003814697,0.649999976158142,4.96000003814697
8378563200,4/14/2016,699,174,21,123,0,3.91000008583069,1.02999997138977,5.61999988555908
8378563200,4/15/2016,729,190,23,60,0,5.40999984741211,1.14999997615814,4.90999984741211
8378563200,4/16/2016,563,142,21,64,0,2.44000005722046,1.07000005245209,5.36999988555908
8378563200,4/17/2016,599,93,0,0,0,1.69000005722046,0,0
8378563200,4/18/2016,720,174,10,117,0,5.19999980926514,0.560000002384186,5.05000019073486
8378563200,4/19/2016,737,154,19,120,0,4.17999982833862,0.879999995231628,5.30000019073486
8378563200,4/20/2016,763,169,8,82,0,4.78000020980835,0.439999997615814,2.23000001907349
8378563200,4/21/2016,677,145,16,137,0,4.28999996185303,0.819999992847443,6.90000009536743
8378563200,4/22/2016,769,159,12,113,0,4.17999982833862,0.589999973773956,4.90999984741211
8378563200,4/23/2016,740,136,10,19,0,2.48000001907349,0.519999980926514,1.51999998092651
8378563200,4/24/2016,734,135,0,0,0,2.94000005722046,0,0
8378563200,4/25/2016,692,141,16,117,0,3.92000007629395,0.870000004768372,5.05000019073486
8378563200,4/26/2016,593,161,18,90,0,4.42000007629395,0.920000016689301,7.51000022888184
8378563200,4/27/2016,676,192,4,4,0,5.32999992370605,0.180000007152557,0.330000013113022
8378563200,4/28/2016,711,139,10,11,0,2.91000008583069,0.490000009536743,0.899999976158142
8378563200,4/29/2016,767,172,7,3,0,4.26999998092651,0.360000014305115,0.25
8378563200,4/30/2016,780,121,0,0,0,2.33999991416931,0,0
8378563200,5/1/2016,669,127,10,71,0,2.47000002861023,0.560000002384186,6.03000020980835
8378563200,5/2/2016,802,142,4,63,0,4.01000022888184,0.170000001788139,0.629999995231628
8378563200,5/3/2016,822,195,20,71,0,4.5,1.05999994277954,1.3400000333786
8378563200,5/4/2016,680,167,10,19,0,4.19999980926514,0.490000009536743,1.55999994277954
8378563200,5/5/2016,764,214,3,66,0,5.73999977111816,0.159999996423721,0.889999985694885
8378563200,5/6/2016,831,166,5,74,0,3.77999997138977,0.25,1.54999995231628
8378563200,5/7/2016,851,158,0,0,0,3.53999996185303,0,0
8378563200,5/8/2016,621,139,0,0,0,2.32999992370605,0,0
8378563200,5/9/2016,772,171,13,71,0,4.71999979019165,0.660000026226044,1.26999998092651
8378563200,5/10/2016,840,152,13,63,0,3.92000007629395,0.639999985694885,0.660000026226044
8378563200,5/11/2016,763,184,10,72,0,5.26999998092651,0.589999973773956,1.38999998569489
8378563200,5/12/2016,433,102,6,8,0,2.69000005722046,0.270000010728836,0.649999976158142
8583815059,4/12/2016,1237,196,7,0,0,3.57999992370605,0.330000013113022,0
8583815059,4/13/2016,1252,163,23,2,0,3.23000001907349,0.970000028610229,0.150000005960464
8583815059,4/14/2016,1306,134,0,0,0,2.4300000667572,0,0
8583815059,4/15/2016,1375,65,0,0,0,0.899999976158142,0,0
8583815059,4/16/2016,1440,0,0,0,0,0,0,0
8583815059,4/17/2016,1440,0,0,0,0,0,0,0
8583815059,4/18/2016,1309,105,22,4,0,1.35000002384186,1.05999994277954,0.310000002384186
8583815059,4/19/2016,1257,166,10,7,0,3.44000005722046,0.479999989271164,0.529999971389771
8583815059,4/20/2016,1246,167,27,0,0,3.0699999332428,1.03999996185303,0
8583815059,4/21/2016,1229,158,18,35,0,3.00999999046326,1.01999998092651,2.63000011444092
8583815059,4/22/2016,1170,212,54,4,0,4.07999992370605,2.41000008583069,0.28999999165535
8583815059,4/23/2016,1151,238,44,7,0,4.75,2.02999997138977,0.529999971389771
8583815059,4/24/2016,1188,206,44,2,0,4.26999998092651,2.04999995231628,0.150000005960464
8583815059,4/25/2016,1294,122,6,18,0,1.80999994277954,0.239999994635582,1.47000002861023
8583815059,4/26/2016,1134,214,91,1,0,3.89000010490417,4.21999979019165,0.0700000002980232
8583815059,4/27/2016,1229,129,5,77,0,2.86999988555908,0.270000010728836,6.59999990463257
8583815059,4/28/2016,1209,203,28,0,0,3.60999989509583,1.20000004768372,0
8583815059,4/29/2016,1069,258,67,46,0,4.92000007629395,3,3.90000009536743
8583815059,4/30/2016,1093,317,28,2,0,6.42999982833862,1.27999997138977,0.150000005960464
8583815059,5/1/2016,1311,117,2,10,0,2.03999996185303,0.119999997317791,0.779999971389771
8583815059,5/2/2016,1440,0,0,0,0,0,0,0
8583815059,5/3/2016,1440,0,0,0,0,0,0,0
8583815059,5/4/2016,1440,0,0,0,0,0,0,0
8583815059,5/5/2016,1370,70,0,0,0,1.17999994754791,0,0
8583815059,5/6/2016,1250,166,22,2,0,3.23000001907349,1.19000005722046,0.140000000596046
8583815059,5/7/2016,1190,250,0,0,0,4.76999998092651,0,0
8583815059,5/8/2016,1183,182,72,3,0,3.66000008583069,3.30999994277954,0.219999998807907
8583815059,5/9/2016,1260,110,4,66,0,1.73000001907349,0.170000001788139,5.76000022888184
8583815059,5/10/2016,1226,162,43,9,0,3.72000002861023,2.00999999046326,0.689999997615814
8583815059,5/11/2016,1106,177,71,5,0,3.17000007629395,3.24000000953674,0.370000004768372
8583815059,5/12/2016,1440,0,0,0,0,0,0,0
8792009665,4/12/2016,831,116,0,0,0,1.63999998569489,0,0
8792009665,4/13/2016,806,82,0,0,0,0.839999973773956,0,0
8792009665,4/14/2016,853,84,0,0,0,0.779999971389771,0,0
8792009665,4/15/2016,937,126,0,0,0,1.5900000333786,0,0
8792009665,4/16/2016,1428,12,0,0,0,0.159999996423721,0,0
8792009665,4/17/2016,1440,0,0,0,0,0,0,0
8792009665,4/18/2016,1440,0,0,0,0,0,0,0
8792009665,4/19/2016,1440,0,0,0,0,0,0,0
8792009665,4/20/2016,744,139,10,0,0,1.74000000953674,0.280000001192093,0
8792009665,4/21/2016,1431,9,0,0,0,0.0900000035762787,0,0
8792009665,4/22/2016,817,195,20,1,0,2.26999998092651,0.280000001192093,0.0500000007450581
8792009665,4/23/2016,795,232,45,8,0,2.75,0.439999997615814,0.159999996423721
8792009665,4/24/2016,1410,19,8,3,0,0.159999996423721,0.0500000007450581,0.0399999991059303
8792009665,4/25/2016,1440,0,0,0,0,0,0,0
8792009665,4/26/2016,1360,80,0,0,0,0.850000023841858,0,0
8792009665,4/27/2016,900,112,0,0,0,1.12999999523163,0,0
8792009665,4/28/2016,714,310,0,0,0,3.94000005722046,0,0
8792009665,4/29/2016,634,380,14,6,0,4.92999982833862,0.280000001192093,0.140000000596046
8792009665,4/30/2016,749,301,20,10,0,3.91000008583069,0.360000014305115,0.330000013113022
8792009665,5/1/2016,834,79,0,0,0,1.03999996185303,0,0
8792009665,5/2/2016,916,101,0,0,0,1.16999995708466,0,0
8792009665,5/3/2016,739,156,0,0,0,1.54999995231628,0,0
8792009665,5/4/2016,848,129,0,0,0,1.46000003814697,0,0
8792009665,5/5/2016,1440,0,0,0,0,0,0,0
8792009665,5/6/2016,1440,0,0,0,0,0,0,0
8792009665,5/7/2016,1440,0,0,0,0,0,0,0
8792009665,5/8/2016,1440,0,0,0,0,0,0,0
8792009665,5/9/2016,1440,0,0,0,0,0,0,0
8792009665,5/10/2016,48,0,0,0,0,0,0,0
8877689391,4/12/2016,1036,312,7,85,0,7.82000017166138,0.340000003576279,12.2200002670288
8877689391,4/13/2016,1098,216,18,108,0,5.6399998664856,0.379999995231628,3.54999995231628
8877689391,4/14/2016,1061,298,13,68,0.0199999995529652,7.75,0.589999973773956,10.5500001907349
8877689391,4/15/2016,1052,281,1,106,0.00999999977648258,7.01000022888184,0.0500000007450581,0.0500000007450581
8877689391,4/16/2016,888,429,29,94,0,10.710000038147,1.21000003814697,13.2399997711182
8877689391,4/17/2016,1060,307,15,58,0,8.78999996185303,0.0700000002980232,0
8877689391,4/18/2016,1215,191,5,29,0,5.94000005722046,0.270000010728836,2.44000005722046
8877689391,4/19/2016,1131,214,13,82,0,5.03000020980835,0.180000007152557,12.1499996185303
8877689391,4/20/2016,1123,225,19,73,0,6.34000015258789,0.689999997615814,11.0200004577637
8877689391,4/21/2016,1119,226,13,82,0,4.8899998664856,0.419999986886978,12.289999961853
8877689391,4/22/2016,1141,236,2,61,0.0500000007450581,5.96999979019165,0.0299999993294477,10.2299995422363
8877689391,4/23/2016,1032,300,6,102,0.00999999977648258,7.40000009536743,0,0
8877689391,4/24/2016,1148,227,1,64,0,4.69000005722046,0.00999999977648258,11.0100002288818
8877689391,4/25/2016,1101,218,8,113,0.00999999977648258,6.26999998092651,0.0700000002980232,2.36999988555908
8877689391,4/26/2016,1157,258,3,22,0,6.5,0.129999995231628,1.75999999046326
8877689391,4/27/2016,1104,235,8,93,0,7.09999990463257,0.439999997615814,13.0699996948242
8877689391,4/28/2016,1143,231,8,58,0,5.96999979019165,0.379999995231628,4.92999982833862
8877689391,4/29/2016,1207,210,5,18,0,5.78999996185303,0.170000001788139,1.37999999523163
8877689391,4/30/2016,1089,223,4,124,0,4.92999982833862,0.0799999982118607,21.6599998474121
8877689391,5/1/2016,1226,166,12,36,0,4.57000017166138,0.569999992847443,3.13000011444092
8877689391,5/2/2016,1335,105,0,0,0,3.55999994277954,0,0
8877689391,5/3/2016,1189,229,3,19,0.00999999977648258,6.67000007629395,0.100000001490116,1.38999998569489
8877689391,5/4/2016,1154,212,8,66,0,5.53000020980835,0.310000002384186,10.4200000762939
8877689391,5/5/2016,1170,188,15,67,0,4.36999988555908,0.819999992847443,5.46000003814697
8877689391,5/6/2016,1095,232,17,96,0,6.15999984741211,0.28999999165535,12.789999961853
8877689391,5/7/2016,1036,271,28,105,0,6.98999977111816,0.959999978542328,0.0799999982118607
8877689391,5/8/2016,1174,245,4,17,0,6.80000019073486,0.200000002980232,1.08000004291534
8877689391,5/9/2016,1131,217,19,73,0.0500000007450581,6.23999977111816,0.800000011920929,11.1000003814697
8877689391,5/10/2016,1187,224,11,18,0,6.28000020980835,0.46000000834465,1.35000002384186
8877689391,5/11/2016,1127,213,12,88,0,5.8899998664856,0.409999996423721,13.2200002670288
8877689391,5/12/2016,770,137,1,23,0,4.25,0.0399999991059303,1.82000005245209
